step,time,KE,enstrophy,palinstrophy,div_L2,vort_norm
500,0.01785714285714295,0.4821948865692095,37.89469451163884,99255.64656526373,1.0049573806526227e-14,0.999903511707924
1000,0.03571428571428533,0.48218920185105846,37.86121133038155,99288.90455686816,1.0143132010868712e-14,0.9997215475554839
1500,0.05357142857142771,0.4821844077688906,37.82736580686265,99315.67685604631,1.01124006136506e-14,0.9996235408746399
2000,0.07142857142857181,0.48218039968129595,37.79410784929959,99232.02312240607,9.927444291131835e-15,0.999733930925274
2500,0.08928571428571766,0.4821769900899413,37.76398340540747,99007.1879290845,9.807326208821691e-15,1.0001123511558767
3000,0.1071428571428635,0.48217391543044225,37.73910923039488,98708.73128669427,9.884409177938946e-15,1.000786865542322
3500,0.12500000000000935,0.4821708438372597,37.71913160344113,98443.38491405727,9.976547865041745e-15,1.0018007738413657
4000,0.14285714285714826,0.48216743226221565,37.701312394259546,98261.92958029901,1.0209104043757993e-14,1.0032186743004863
4500,0.16071428571428717,0.4821633973225262,37.68247331636441,98138.06629772314,1.0364071536196099e-14,1.0051567396315355
5000,0.17857142857142608,0.48215850865400356,37.66038099835346,98023.67491957004,1.0387991517136707e-14,1.0076877387871406
5500,0.19642857142856499,0.482152520974785,37.63355976506709,97892.38683614183,1.0599553615502576e-14,1.0109263456294055
6000,0.2142857142857039,0.4821451357750919,37.60062410547487,97733.00254565084,1.0603346408961574e-14,1.015014491112673
6500,0.2321428571428428,0.4821359999398508,37.56003767661643,97530.67357193708,1.0244266305410941e-14,1.0201380073364406
7000,0.2499999999999817,0.4821246874948241,37.51009119883987,97264.9450318054,1.0575173029921684e-14,1.0265503892357193
7500,0.26785714285713447,0.4821106584637721,37.44875079942458,96913.42226986625,1.0612474619213229e-14,1.0345976241335664
8000,0.28571428571428725,0.4820932193338855,37.37340696768837,96450.36116292281,1.084957409593591e-14,1.0447406666998815
8500,0.30357142857144004,0.48207148926516885,37.28062557385087,95844.82805989988,1.0934157671316268e-14,1.0575719983606473
9000,0.3214285714285928,0.48204437473811984,37.165936843965774,95060.10939750323,1.1187181614530875e-14,1.0738200845454546
9500,0.3392857142857456,0.48201056975759116,37.02373480344315,94051.3301378347,1.0839744533416528e-14,1.0943306326493816
10000,0.3571428571428984,0.48196859835163963,36.84739878603266,92762.32583499033,1.0918560418526952e-14,1.1200057452122305
10500,0.3750000000000512,0.4819169137338526,36.62975667531968,91125.04811344056,1.0581144072147233e-14,1.1516741917672129
11000,0.39285714285720397,0.48185406886586213,36.36403567706927,89063.64621756418,1.1320468012036506e-14,1.1898629943994632
11500,0.41071428571435675,0.48177895981077945,36.04543500246293,86506.10158546262,1.1327622354877142e-14,1.2344545447527584
12000,0.42857142857150954,0.4816911123307193,35.67328891928635,83406.88204888077,1.075375191958469e-14,1.284270374879552
12500,0.4464285714286623,0.48159094120893764,35.253406432544196,79780.02715059498,1.0989954996107845e-14,1.336745205720969
13000,0.4642857142858151,0.4814798763864215,34.79964682011785,75732.82956681865,1.0908819418244848e-14,1.3880035943122526
13500,0.4821428571429679,0.4813602534594794,34.333438292612605,71480.0275308755,1.1585134131054914e-14,1.4336470429743284
14000,0.5000000000001207,0.4812349410023562,33.880340869071915,67316.59724499198,1.165203567157411e-14,1.4701646205039167
14500,0.5178571428572457,0.4811068090559756,33.464217828818676,63543.84486370077,1.1701686294564361e-14,1.496222861427077
15000,0.5357142857143707,0.4809782474609585,33.1013968135776,60375.63690653805,1.18151423626331e-14,1.5129042469228358
15500,0.5535714285714958,0.48085092235407023,32.79773639013605,57875.33339866351,1.1783247566521725e-14,1.522728927924867
16000,0.5714285714286208,0.48072581396065117,32.54986211727037,55961.80757610871,1.1727674815140904e-14,1.5282625520283413
16500,0.5892857142857458,0.4806034283022337,32.349225532571836,54477.65957803701,1.2678137960304452e-14,1.5312217441635447
17000,0.6071428571428709,0.4804840333406629,32.186321171042934,53273.28143429001,1.1628763009257826e-14,1.5323407877745725
17500,0.6249999999999959,0.4803678289693077,32.05317759989542,52260.21334524123,1.1953717308372211e-14,1.5317014539656628
18000,0.6428571428571209,0.48025503445646234,31.943925064327225,51417.52075936383,1.1308304700652057e-14,1.5291409017701072
18500,0.660714285714246,0.4801459126146226,31.854328212645864,50764.2881406896,1.1497815672359166e-14,1.5245374198854962
19000,0.678571428571371,0.4800407525665067,31.78121010926926,50323.60944444839,1.1844856042006382e-14,1.517946331910192
19500,0.696428571428496,0.47993982699155147,31.72215184090305,50099.33996570713,1.1513997396498426e-14,1.5096250456074212
20000,0.714285714285621,0.4798433389925528,31.675379315546614,50071.964633592506,1.1189560564752369e-14,1.499989816842806
20500,0.7321428571427461,0.47975137530523215,31.63964636753979,50206.40373014198,1.182769499273495e-14,1.4895410160389368
21000,0.7499999999998711,0.4796638774026819,31.61404917476696,50462.09640065535,1.1725761985916642e-14,1.4787921511017812
21500,0.7678571428569961,0.479580630813366,31.597811879288855,50800.140090507986,1.117250246296408e-14,1.468230139067267
22000,0.7857142857141212,0.47950126470149224,31.590095507927483,51186.272034393245,1.154010660779803e-14,1.4583144749477148
22500,0.8035714285712462,0.4794252538091003,31.589850217459563,51590.84854729814,1.1332061335193723e-14,1.4494994665943826
23000,0.8214285714283712,0.4793519217128048,31.595701953745035,51988.0390486778,1.1700170678369244e-14,1.4422500657651547
23500,0.8392857142854963,0.47928045286072385,31.605863827516067,52355.8613946039,1.1523022170949476e-14,1.43702490080927
24000,0.8571428571426213,0.4792099253142064,31.618088902806782,52677.2145273611,1.2167363382176052e-14,1.434217095690925
24500,0.8749999999997463,0.4791393730124184,31.629709609581568,52941.007512543714,1.1528614795943637e-14,1.4340655210098465
25000,0.8928571428568713,0.4790678761223187,31.637812227737832,53142.4226228546,1.1876293516884835e-14,1.436566505245366
25500,0.9107142857139964,0.4789946648538863,31.639560431915555,53282.04245548909,1.200894727660141e-14,1.4414218558249101
26000,0.9285714285711214,0.4789192123617597,31.632618967490142,53364.29229606119,1.2201677284727503e-14,1.4480509635678858
26500,0.9464285714282464,0.47884129144049437,31.615567004227554,53395.85423426118,1.224507575994309e-14,1.4556748243893132
27000,0.9642857142853715,0.47876097901232434,31.58816619786831,53384.486211341195,1.1817401212569582e-14,1.463453989390179
27500,0.9821428571424965,0.47867860822054265,31.551381015426482,53338.3787201026,1.2186257067698574e-14,1.470640570753011
28000,0.9999999999996215,0.4785946834445266,31.507131003262728,53265.912896155736,1.2505817740143147e-14,1.4766977002076331
28500,1.017857142856802,0.4785097822917267,31.457852598406333,53175.45437923026,1.2043909446876464e-14,1.4813539003793574
29000,1.0357142857139825,0.4784244677261794,31.40601454243625,53074.83264907946,1.1770194069120421e-14,1.484588107985631
29500,1.053571428571163,0.47833922488892106,31.353730985784193,52970.53849160996,1.2141505627154086e-14,1.4865673312236787
30000,1.0714285714283436,0.47825442611184554,31.302553289463614,52867.094111649145,1.2752576707367313e-14,1.4875692947927686
30500,1.0892857142855241,0.47817031937925686,31.25343693137409,52767.05348321084,1.2293302280904971e-14,1.4879155524409349
31000,1.1071428571427047,0.47808703236910854,31.20682177721708,52671.66661576307,1.232967014383655e-14,1.4879258547745808
31500,1.1249999999998852,0.4780045851275889,31.162752572876403,52581.80576001719,1.2201670359406998e-14,1.487892570682625
32000,1.1428571428570657,0.4779229067954293,31.120988926250945,52498.64510032463,1.1867949095214802e-14,1.4880691113785707
32500,1.1607142857142463,0.47784185364581744,31.081084469801127,52423.79911610624,1.2217565072502813e-14,1.4886670346440314
33000,1.1785714285714268,0.4777612264498291,31.04243577226524,52358.9364342744,1.2277414059346264e-14,1.4898592517742415
33500,1.1964285714286074,0.4776807852109343,31.00430943729422,52305.09798912506,1.239635194997727e-14,1.4917890105121967
34000,1.214285714285788,0.47760025917560733,30.965855335971252,52261.9933630272,1.2474396744234755e-14,1.4945851789035645
34500,1.2321428571429685,0.4775193501844849,30.92611036580236,52227.475808154784,1.2382894753462853e-14,1.4983837981820884
35000,1.250000000000149,0.477437728146789,30.883993269936973,52197.2929759174,1.2423317570189451e-14,1.5033542823740726
35500,1.2678571428573295,0.47735501873237846,30.83828809619262,52165.1248511818,1.1906901661289212e-14,1.5097267896839852
36000,1.28571428571451,0.4772707849872687,30.787613297841922,52122.850849140435,1.2302158179005158e-14,1.5178930987945765
36500,1.3035714285716906,0.4771845058913443,30.73037657781022,52060.93298224681,1.2168361731116596e-14,1.5282587477752965
37000,1.3214285714288712,0.4770955552444323,30.66472138559115,51968.78094572747,1.2756061728292318e-14,1.5413071150262867
37500,1.3392857142860517,0.4770031833941001,30.588475743415867,51834.98698379268,1.2377282691515755e-14,1.5577056443280555
38000,1.3571428571432322,0.4769065025373054,30.49911389860231,51647.3626073285,1.2624556351249982e-14,1.5783504516692857
38500,1.3750000000004128,0.4768044745276595,30.393735900621536,51392.75281642985,1.2792066276962132e-14,1.604055817176315
39000,1.3928571428575933,0.47669589933743434,30.26906467706683,51056.66366521492,1.2816812903598533e-14,1.6359525715502452
39500,1.4107142857147739,0.47657940319732045,30.121462827926397,50622.87906167045,1.292919895396938e-14,1.6754378525336282
40000,1.4285714285719544,0.47645342781318367,29.946988063833857,50073.52018435215,1.237884682003033e-14,1.7242684283551477
40500,1.446428571429135,0.4763162249963899,29.741533678997822,49390.37247132255,1.2438216110791582e-14,1.7846848040920291
41000,1.4642857142863155,0.4761658633265258,29.501121505558054,48558.532873783945,1.256164597756586e-14,1.8595791183528176
41500,1.482142857143496,0.4760002545269341,29.222399767263546,47573.05707851582,1.2661584667697362e-14,1.95273118389063
42000,1.5000000000006766,0.4758172082395531,28.903317132191106,46447.77420356938,1.3487256385684874e-14,2.0691399026328434
42500,1.5178571428578571,0.4756145285264355,28.54379544087809,45222.59904882915,1.319097557274786e-14,2.215433441314304
43000,1.5357142857150377,0.47539017929985883,28.14607998385158,43962.51874175297,1.3475357215104401e-14,2.4001503614607405
43500,1.5535714285722182,0.47514257155247597,27.714491091328842,42741.1021933175,1.3235732012744613e-14,2.633122272417227
44000,1.5714285714293987,0.4748710486629979,27.254756409753327,41608.61938482516,1.3373151517967282e-14,2.921909384415653
44500,1.5892857142865793,0.47457661649135363,26.77391185787859,40561.254655751225,1.3280021870627986e-14,3.2613987012633756
45000,1.6071428571437598,0.4742627963966685,26.282100536494916,39542.951735978255,1.3949162950156596e-14,3.453524989084207
45500,1.6250000000009404,0.4739361351666045,25.79601299492322,38500.23571789867,1.3428281567779798e-14,3.5928051764823232
46000,1.642857142858121,0.47360559611185615,25.34003623618647,37458.24362925623,1.3751323975652333e-14,3.8381228243938903
46500,1.6607142857153014,0.4732803442752778,24.93946931988401,36535.423762931954,1.4830215485322092e-14,3.94954347711849
47000,1.678571428572482,0.4729667493308028,24.606649309665258,35854.454734815816,1.4268437428456137e-14,3.8012384349037003
47500,1.6964285714296625,0.47266688247235517,24.332357234859067,35435.03210406477,1.4550981733703885e-14,3.6638234347741956
48000,1.714285714286843,0.4723801290098846,24.094183515090435,35194.36548316184,1.4774596325503777e-14,3.561003883553061
48500,1.7321428571440236,0.472106296704171,23.874655714252924,35048.06152509256,1.4430435330228824e-14,3.458604981716573
49000,1.7500000000012041,0.471846838020274,23.669467135159337,34985.00924448839,1.401812684207142e-14,3.331652012805016
49500,1.7678571428583847,0.47160373921270293,23.47939589831106,35023.997793000824,1.3386079870911908e-14,3.190033850234037
50000,1.7857142857155652,0.471378425237691,23.301327368191608,35134.861863452636,1.3868967960043726e-14,3.050974811054022
50500,1.8035714285727458,0.47117136509806246,23.130551769653323,35276.35163375391,1.4712247696541057e-14,2.9251714613990454
51000,1.8214285714299263,0.47098177116483886,22.96321686629492,35431.05503274064,1.4399632949824332e-14,2.8229303054159045
51500,1.8392857142871069,0.4708078318704122,22.79332897152343,35542.94243061823,1.3399239810333492e-14,2.747746290091963
52000,1.8571428571442874,0.4706476542176655,22.6146644660369,35525.868188224136,1.3394270937485228e-14,2.6922466380586365
52500,1.875000000001468,0.47050008730492143,22.42671067083044,35340.74275063256,1.5083349599250043e-14,2.6438999742295226
53000,1.8928571428586485,0.47036485456645905,22.236347160669265,35016.79779124547,1.3671938138464817e-14,2.5926163926709522
53500,1.910714285715829,0.47024213786134106,22.054725875787806,34623.87177959081,1.3425888505619412e-14,2.534723346290524
54000,1.9285714285730096,0.47013198590427685,21.892792811233058,34235.27279864003,1.3219055930682783e-14,2.472963496217344
54500,1.94642857143019,0.4700338233628141,21.757792313451986,33891.532496993845,1.3194800465225516e-14,2.4139610934575195
55000,1.9642857142873706,0.46994620865976755,21.65184596047463,33579.976102269095,1.3336922281897386e-14,2.3649083706059977
55500,1.9821428571445512,0.46986690758727767,21.572468195193245,33263.399777681814,1.3278014524824297e-14,2.3311478557367318
56000,2.0000000000017315,0.4697932392839382,21.51408730651971,32917.95308532857,1.3688072468689181e-14,2.313765921252877
56500,2.017857142858801,0.46972255546150954,21.4702469095215,32535.48637749209,1.263436888210896e-14,2.310779907572113
57000,2.0357142857158705,0.46965265015388913,21.435652840645016,32133.51278396596,1.3399210045736945e-14,2.318182951757006
57500,2.05357142857294,0.46958196159843035,21.407024650099068,31746.98664259679,1.2907625563264406e-14,2.3314811433747002
58000,2.0714285714300096,0.4695095633573704,21.382780259896293,31416.385714814773,1.2952444092293657e-14,2.346894361041735
58500,2.089285714287079,0.46943503972184486,21.362046616735036,31179.978121701242,1.308200951184098e-14,2.361751267468335
59000,2.1071428571441486,0.4693583615885827,21.344002618109513,31056.889320865048,1.330618574470181e-14,2.374270372199759
59500,2.125000000001218,0.46927978848012863,21.32794667383778,31040.003127223597,1.486970210371714e-14,2.3833959792452917
60000,2.1428571428582877,0.4691997637922352,21.313576286945526,31103.09186580176,1.3167412528916772e-14,2.3888657657342645
60500,2.160714285715357,0.46911880070604306,21.301009788734447,31212.024782032953,1.320492737935843e-14,2.3910907791209914
61000,2.1785714285724267,0.46903738853284105,21.290582065407285,31333.18261959664,1.3082684252508127e-14,2.390791810137544
61500,2.196428571429496,0.4689559281735953,21.28263994545648,31440.182890896154,1.3303036002582486e-14,2.3887909558537714
62000,2.2142857142865657,0.4688746865401471,21.277350195017505,31519.701620134016,1.3393375573256542e-14,2.3860053031157524
62500,2.2321428571436353,0.4687937782482555,21.274483368415552,31572.062363813093,1.273461473080686e-14,2.383329104143555
63000,2.2500000000007048,0.4687131891312579,21.27333494212965,31606.091867694508,1.2639930757928966e-14,2.3813628860250904
63500,2.2678571428577743,0.468632828116572,21.27292466377667,31632.4530218997,1.3387765034361139e-14,2.3802728291511968
64000,2.285714285714844,0.4685525704870481,21.272379483372674,31659.573979422246,1.3002192344152283e-14,2.3799733100114406
64500,2.3035714285719133,0.4684722624004751,21.27121789944476,31692.773178501433,1.3753607396908589e-14,2.380522471480085
65000,2.321428571428983,0.46839168521656405,21.269330537917618,31733.724798581476,1.3616258399737817e-14,2.382436268842458
65500,2.3392857142860524,0.46831050414304365,21.266721998628782,31779.880382207564,1.3404666574526769e-14,2.38683722324982
66000,2.357142857143122,0.4682282320299191,21.26321696605433,31825.602525291004,1.311806083252767e-14,2.394979951026084
66500,2.3750000000001914,0.4681442323080617,21.258275915233092,31864.322344901833,1.3318355199722644e-14,2.407935285231691
67000,2.392857142857261,0.4680577763936483,21.250991715680712,31890.064808591385,1.3483460057878075e-14,2.4262778363628907
67500,2.4107142857143304,0.46796815442727424,21.240287331951613,31898.809713122373,1.342311835754981e-14,2.449825236861979
68000,2.4285714285714,0.46787481145665694,21.22523962015632,31890.095768909534,1.3743579328026597e-14,2.477421927901231
68500,2.4464285714284695,0.46777746520470936,21.205362123418073,31867.565811377783,1.365617917617815e-14,2.5070948718232473
69000,2.464285714285539,0.4676761720619438,21.18070407088651,31837.53184996522,1.3495859977759717e-14,2.53642156065404
69500,2.4821428571426085,0.4675713313801322,21.151761792388385,31806.513346791224,1.3746180190252976e-14,2.5629740963478214
70000,2.499999999999678,0.46746363450365336,21.119309440603647,31779.5277284364,1.3023420995045678e-14,2.584732166032728
70500,2.5178571428567476,0.46735397321048455,21.08424822633976,31759.705002799692,1.4303729822597334e-14,2.6003852667218545
71000,2.535714285713817,0.46724332971324833,21.047506883280093,31748.472802508964,1.310185593419864e-14,2.6095274432708093
71500,2.5535714285708866,0.4671326745973071,21.009982467641738,31745.69469573792,1.3160515961375972e-14,2.6122643706361064
72000,2.571428571427956,0.46702289288909804,20.9725040791515,31749.76247472502,1.3433732527429375e-14,2.609304134967714
72500,2.5892857142850256,0.46691474425847307,20.935813964449938,31757.7768791193,1.4077113724833438e-14,2.601609113430867
73000,2.607142857142095,0.46680885125054067,20.90056842953887,31766.008058512554,1.337458491792553e-14,2.589983954183726
73500,2.6249999999991647,0.46670570491853147,20.867352573572937,31770.815803679514,1.4127205359177411e-14,2.5752383526113864
74000,2.642857142856234,0.4666056780239128,20.836690181130475,31769.769932220464,1.366668016877504e-14,2.558073593889778
74500,2.6607142857133037,0.4665090384839901,20.809030821040217,31762.330724745236,1.2730715105399218e-14,2.5391181805479444
75000,2.6785714285703732,0.4664159589768776,20.78471219491825,31749.684385016084,1.3293268723901232e-14,2.518973264199537
75500,2.6964285714274427,0.4663265221708215,20.76391498031154,31733.928344024836,1.3528062436465613e-14,2.4982387630836596
76000,2.7142857142845123,0.4662407236368114,20.746634004953005,31717.148173474503,1.3041963313913219e-14,2.477511243213661
76500,2.732142857141582,0.4661584753725358,20.73267982779821,31700.79875679787,1.255549620583316e-14,2.457358508788764
77000,2.7499999999986513,0.4660796124437042,20.721710732223272,31685.504453529873,1.2843005623831477e-14,2.438281188045532
77500,2.767857142855721,0.4660039040327349,20.71328717487239,31671.218927965114,1.3618230684757918e-14,2.4206748550818857
78000,2.7857142857127903,0.4659310684248173,20.70693699374696,31657.61079027059,1.3086046347501994e-14,2.404807706933167
78500,2.80357142856986,0.46586078981938506,20.702216214132765,31644.474430441514,1.37231210787838e-14,2.39093372343127
79000,2.8214285714269294,0.4657927342107764,20.698750379992138,31631.94291643028,1.4011211007072182e-14,2.3790662685137196
79500,2.839285714283999,0.4657265621587819,20.6962490773464,31620.383054973074,1.3063578451205724e-14,2.369110610848926
80000,2.8571428571410684,0.46566193748438267,20.694498017905865,31610.067328518977,1.3073358448630761e-14,2.3611704802428397
80500,2.874999999998138,0.46559853204542134,20.693340493474494,31600.88310731661,1.2835725294662603e-14,2.3550337695279606
81000,2.8928571428552075,0.4655360274182855,20.692659436170857,31592.30944093638,1.3053733803460701e-14,2.350612443682209
81500,2.910714285712277,0.46547411456669985,20.692365603762468,31583.706942705707,1.3008146021790917e-14,2.347850236776067
82000,2.9285714285693465,0.46541249262986517,20.69239148870166,31574.774280002865,1.2662887694400751e-14,2.3467008374628744
82500,2.946428571426416,0.4653508679935976,20.69268747598161,31565.936702019826,1.2478366877284853e-14,2.3471216938650623
83000,2.9642857142834855,0.46528895478887533,20.69321681979217,31558.48634697522,1.3129129804970858e-14,2.3490641565751926
83500,2.982142857140555,0.465226477685485,20.693947522354517,31554.4423489967,1.2780426821734174e-14,2.352461873808304
84000,2.9999999999976246,0.46516317724873113,20.694840372253655,31556.22817556988,1.303442443907602e-14,2.3572202389380155
84500,3.017857142854694,0.4650988174688234,20.695833024479516,31566.292752747973,1.320579517505218e-14,2.3632090108622856
85000,3.0357142857117636,0.465033194697264,20.696821474882793,31586.75270733697,1.3038801505248986e-14,2.3702581468420796
85500,3.053571428568833,0.46496614715673307,20.69764327849898,31619.087092081485,1.3590744955906063e-14,2.3781557041908323
86000,3.0714285714259026,0.4648975641272907,20.6980694691128,31663.91382528585,1.3377099765273015e-14,2.386648073211209
86500,3.089285714282972,0.46482739363466113,20.697811320513686,31720.88862438432,1.2830674132373346e-14,2.395445400195193
87000,3.1071428571400417,0.46475564716597423,20.696543118469954,31788.74936086272,1.374478395740108e-14,2.4042355305946477
87500,3.124999999997111,0.4646824000386074,20.69393587673916,31865.48101668463,1.2389437492262234e-14,2.412706610580619
88000,3.1428571428541807,0.4646077867434756,20.689693487992393,31948.53574196744,1.3645642688262497e-14,2.4205737802546397
88500,3.1607142857112502,0.46453199161676767,20.683583748045073,32035.039894230566,1.3029129367213787e-14,2.427602933028079
89000,3.1785714285683198,0.46445523608503236,20.67546016575302,32121.952076416554,1.3867930953582458e-14,2.433625997316244
89500,3.1964285714253893,0.4643777641706124,20.665273516526202,32206.17566329898,1.2580534706233519e-14,2.4385459823453224
90000,3.214285714282459,0.4642998279452737,20.65307347537582,32284.652789352025,1.3056225428652753e-14,2.442333260960486
90500,3.2321428571395283,0.46422167434601336,20.639001185387308,32354.469640541385,1.303057771509019e-14,2.445015858358214
91000,3.249999999996598,0.46414353435421307,20.623274353131865,32412.992146103345,1.3745315562393201e-14,2.4466664593013516
91500,3.2678571428536674,0.46406561506073196,20.606167385128888,32458.033300374584,1.2914930888702233e-14,2.447388502983702
92000,3.285714285710737,0.4639880946692387,20.587989454765292,32488.032232184312,1.3229030905084865e-14,2.447303411189468
92500,3.3035714285678064,0.46391112011939234,20.569062927526684,32502.206917384363,1.3537909939654147e-14,2.446540406362525
93000,3.321428571424876,0.4638348068005124,20.549703769736734,32500.636364652422,1.2528865101055427e-14,2.4452294338104896
93500,3.3392857142819454,0.4637592397712977,20.530205035379737,32484.2404277946,1.3049893781072376e-14,2.4434967594147796
94000,3.357142857139015,0.4636844759574329,20.51082434897907,32454.65304974896,1.382259228022474e-14,2.441462268904885
94500,3.3749999999960845,0.463610546920131,20.49177613027541,32414.015859200044,1.3188019937475588e-14,2.4392374402073074
95000,3.392857142853154,0.4635374619370809,20.473228872278074,32364.739846812583,1.3375340148019058e-14,2.436923242677985
95500,3.4107142857102235,0.4634652112743886,20.455307152556497,32309.285571104294,1.3541199717403655e-14,2.434607654927624
96000,3.428571428567293,0.46339376961473244,20.43809745266332,32249.998614341377,1.29835892681139e-14,2.432362958786718
96500,3.4464285714243625,0.46332309961893225,20.42165642548629,32189.0149713193,1.2687328029407295e-14,2.4302433413723326
97000,3.464285714281432,0.4632531555414755,20.406020014482564,32128.229651632355,1.2769528690347719e-14,2.4282834970036533
97500,3.4821428571385016,0.46318388673280947,20.39121181536106,32069.30712244538,1.3013321587819951e-14,2.426498804770453
98000,3.499999999995571,0.4631152407953227,20.377249334849637,32013.70709463804,1.3827649510458055e-14,2.424887323022791
98500,3.5178571428526406,0.4630471661572155,20.36414734427395,31962.70335810631,1.3123715253307853e-14,2.423433432109912
99000,3.53571428570971,0.462979613898604,20.351918220125235,31917.3837937442,1.317141086114127e-14,2.422112607780222
99500,3.5535714285667797,0.4629125387863606,20.340569800689636,31878.63132479467,1.2653946881915374e-14,2.420896588244985
100000,3.571428571423849,0.46284589961251194,20.330101702439848,31847.094007662876,1.3294684409760423e-14,2.4197581252404885
100500,3.5892857142809187,0.46277965904656054,20.3205011862592,31823.155961785204,1.2869672425060333e-14,2.418674597559461
101000,3.607142857137988,0.46271378326825263,20.311739586164027,31806.9200715778,1.2861438818928356e-14,2.4176300294611095
101500,3.6249999999950577,0.46264824162088064,20.303770077909075,31798.20971993741,1.2996750236986068e-14,2.4166154614220385
102000,3.6428571428521273,0.46258300642364997,20.296527228272794,31796.591434875772,1.3152871113425685e-14,2.4156280451579812
102500,3.6607142857091968,0.4625180529480486,20.289928390208228,31801.414792572647,1.3128148021243903e-14,2.414669511734007
103000,3.6785714285662663,0.46245335945548594,20.283876674367427,31811.862253700623,1.2789593890369014e-14,2.4137446810779553
103500,3.696428571423336,0.462388907151283,20.27826500869886,31827.001181704312,1.2749958600259099e-14,2.412860464946342
104000,3.7142857142804053,0.4623246799357857,20.27298072690132,31845.83260240108,1.3030762402290592e-14,2.4120254954480926
104500,3.732142857137475,0.46226066390020676,20.267910178989652,31867.334306987257,1.3210448763276978e-14,2.4112502359685033
105000,3.7499999999945444,0.46219684659033566,20.262942976713134,31890.497859824136,1.3065114603398451e-14,2.410547281521415
105500,3.767857142851614,0.4621332161242504,20.257975623659338,31914.359643185937,1.2931052375927537e-14,2.4099315309775435
106000,3.7857142857086834,0.46206976029123903,20.25291441071799,31938.02618845941,1.2751208005905807e-14,2.409419976859819
106500,3.803571428565753,0.4620064657728421,20.247677572677283,31960.69454832209,1.3385420583667166e-14,2.40903097776804
107000,3.8214285714228224,0.46194331760855856,20.242196786250595,31981.669205911676,1.2780133717797872e-14,2.408783032468873
107500,3.839285714279892,0.4618802989797018,20.23641812133779,32000.37717317693,1.2971630589444025e-14,2.408693231105602
108000,3.8571428571369615,0.4618173913183813,20.230302525043662,32016.381981716884,1.357612976959645e-14,2.408775666892385
108500,3.874999999994031,0.4617545746871773,20.223825843866983,32029.39557596571,1.3050087040748655e-14,2.4090401038170377
109000,3.8928571428511005,0.46169182833957423,20.216978326084032,32039.28567572982,1.2805239370600243e-14,2.409491103611154
109500,3.91071428570817,0.4616291313694747,20.209763545557454,32046.0758886643,1.2885254401665924e-14,2.4101276621106242
110000,3.9285714285652396,0.4615664633820463,20.202196762729,32049.9369315342,1.2956457757978173e-14,2.4109432638020283
110500,3.946428571422309,0.461503805150443,20.19430284942663,32051.169167036383,1.2679927675091005e-14,2.411926192120481
111000,3.9642857142793786,0.4614411392472586,20.18611398743259,32050.178304155284,1.2295383127633567e-14,2.4130599447312315
111500,3.982142857136448,0.4613784506481816,20.177667363108846,32047.44682709915,1.2955413492520754e-14,2.414323667108325
112000,3.9999999999935176,0.46131572730031795,20.16900302592507,32043.50346250614,1.3188395990475543e-14,2.4156925891045793
112500,4.017857142850809,0.4612529606372649,20.160161998357285,32038.89229603328,1.2809001281572258e-14,2.417138497649527
113000,4.0357142857081,0.4611901460160618,20.151184660877412,32034.142638453464,1.2700431870535708e-14,2.4186302982666277
113500,4.053571428565392,0.46112728305244205,20.14210940533096,32029.74069665066,1.2947182938539413e-14,2.420134716238336
114000,4.071428571422683,0.4610643758395052,20.13297154329913,32026.104360256577,1.367766762203278e-14,2.4216171710417305
114500,4.089285714279975,0.4610014330456029,20.123802456643077,32023.562611476045,1.3127451265385061e-14,2.423042826066554
115000,4.107142857137267,0.46093846789333276,20.11462897930511,32022.34095481821,1.2842798194281394e-14,2.424377773007918
115500,4.124999999994558,0.4608754980194884,20.105473007344937,32022.5538181597,1.3160964685787015e-14,2.4255902695816176
116000,4.14285714285185,0.46081254520743475,20.096351351199566,32024.204227244583,1.2798375810486186e-14,2.4266519289278703
116500,4.160714285709141,0.4607496349748169,20.087275861451783,32027.19038336972,1.3257818966250022e-14,2.4275387707836766
117000,4.178571428566433,0.46068679599749196,20.078253859199663,32031.318228137447,1.2964584235657744e-14,2.428232082419632
117500,4.196428571423724,0.46062405935859246,20.06928887164448,32036.318720165196,1.2842956382738431e-14,2.42871908021722
118000,4.214285714281016,0.46056145762868833,20.060381617652418,32041.868341855607,1.3207621894222432e-14,2.4289933871639806
118500,4.2321428571383075,0.4604990238049687,20.05153112958135,32047.61124124849,1.2676784659008283e-14,2.429055336498463
119000,4.249999999995599,0.4604367901592271,20.042735864176997,32053.181399974528,1.2843637748080266e-14,2.4289120846710435
119500,4.267857142852891,0.4603747870618139,20.033994662731978,32058.223375676098,1.296918890530784e-14,2.4285774877681297
120000,4.285714285710182,0.4603130418581953,20.025307465004655,32062.410540756326,1.3094651879632778e-14,2.428071685010903
120500,4.303571428567474,0.46025157787410453,20.01667574311234,32065.46025590534,1.3492996233268381e-14,2.427420350960813
121000,4.321428571424765,0.46019041361401697,20.008102677518547,32067.145899181924,1.3465428631884746e-14,2.4266585592352854
121500,4.339285714282057,0.4601295621979328,19.999593131310455,32067.30594720859,1.260413687810646e-14,2.4258589775152335
122000,4.3571428571393485,0.4600690310576241,19.991153487241423,32065.850315935793,1.3158839233582079e-14,2.4250135989312205
122500,4.37499999999664,0.46000882189098663,19.982791401041162,32062.76399701854,1.3005654596548832e-14,2.424156155323434
123000,4.392857142853932,0.45994893085600164,19.97451550592878,32058.107834907023,1.295539358230331e-14,2.4233189017163763
123500,4.410714285711223,0.45988934897534317,19.966335087514242,32052.01622371585,1.2947452644559817e-14,2.422531340322991
124000,4.428571428568515,0.4598300627173173,19.958259740014164,32044.691611166072,1.2277760718188338e-14,2.421819169428121
124500,4.446428571425806,0.4597710547157862,19.95029901227521,32036.395920669733,1.2357958485859385e-14,2.4212126933056837
125000,4.464285714283098,0.45971230458895374,19.94246205083668,32027.439230537188,1.2274892775555099e-14,2.4207513437048793
125500,4.482142857140389,0.4596537898141013,19.934757244179195,32018.166200324344,1.2828117128437223e-14,2.4204091698880017
126000,4.499999999997681,0.45959548661406163,19.927191868471134,32008.940807426538,1.2130209377384093e-14,2.4201908789256263
126500,4.5178571428549725,0.45953737081340096,19.919771734100784,32000.130012812533,1.268395443781057e-14,2.420096254084311
127000,4.535714285712264,0.4594794186290793,19.912500836253727,31992.08706903774,1.322006515380267e-14,2.4201205960408116
127500,4.553571428569556,0.4594216073711127,19.905381019999666,31985.13530938123,1.325816659240054e-14,2.420255315680628
128000,4.571428571426847,0.459363916040902,19.898411676238116,31979.55334401846,1.2537502824804626e-14,2.420488637859642
128500,4.589285714284139,0.4593063258249971,19.891589485975373,31975.562559798578,1.2492194360571695e-14,2.420806374818309
129000,4.60714285714143,0.4592488204874111,19.884908227625644,31973.317649978882,1.3420595119919007e-14,2.421192727068055
129500,4.624999999998722,0.4591913866636289,19.87835866000693,31972.90063400726,1.2399412713901687e-14,2.4216310681957074
130000,4.6428571428560135,0.45913401405600124,19.871928496819404,31974.318544780734,1.2994573574153512e-14,2.42210467098807
130500,4.660714285713305,0.45907669552646846,19.86560249629895,31977.504725243347,1.2793590429918178e-14,2.4225973397876697
131000,4.678571428570597,0.45901942708130483,19.85936269627882,31982.323503675765,1.318473756615246e-14,2.4230939298915533
131500,4.696428571427888,0.4589622077449519,19.853188821792074,31988.57787967185,1.2940360125928057e-14,2.4235807558059785
132000,4.71428571428518,0.45890503932539445,19.847058875171697,31996.019712673762,1.302449451037205e-14,2.4240459085817956
132500,4.732142857142471,0.4588479260803691,19.840949890590053,32004.361755526876,1.2597963285435534e-14,2.424479510282765
133000,4.749999999999763,0.45879087430039805,19.834838805781732,32013.29075845739,1.2045988432546357e-14,2.4248739273528344
133500,4.767857142857054,0.4587338918301509,19.828703383953968,32022.480848059862,1.2312252884657633e-14,2.425223947461727
134000,4.785714285714346,0.45867698755328346,19.822523114452842,32031.60649627876,1.3093398281651131e-14,2.4255269046369023
134500,4.8035714285716375,0.45862017086734946,19.816280030283576,32040.35460717012,1.3104858623214935e-14,2.425782724172801
135000,4.821428571428929,0.4585634511745499,19.809959397505303,32048.43548185147,1.253691279760952e-14,2.4259938573205577
135500,4.839285714286221,0.4585068374112946,19.80355024839386,32055.592584410617,1.2241700149981312e-14,2.4261650858419137
136000,4.857142857143512,0.45845033763561477,19.79704574262153,32061.611074277163,1.2509042721447718e-14,2.4263031933895483
136500,4.875000000000804,0.4583939586873401,19.79044334833347,32066.325005416176,1.2494545072028366e-14,2.426416518165942
137000,4.892857142858095,0.45833770593230805,19.78374484059266,32069.62297844875,1.2320082544923744e-14,2.4265144148558813
137500,4.910714285715387,0.45828158309864764,19.776956121134248,32071.451939140992,1.278630607280795e-14,2.4266101110145777
138000,4.9285714285726785,0.45822559220968684,19.77008687173108,32071.818793688646,1.2718792261256553e-14,2.4267232127199763
138500,4.94642857142997,0.45816973361346913,19.763150062450357,32070.789567507938,1.3144340312671896e-14,2.426847553504658
139000,4.964285714287262,0.45811400610302755,19.756161343387586,32068.4859501209,1.3109067022370304e-14,2.4269906530658005
139500,4.982142857144553,0.458058407115167,19.749138352584183,32065.079218442777,1.2886358934485998e-14,2.427158404811421
140000,5.000000000001845,0.45800293298999545,19.742099973962386,32060.78170028532,1.2264041577464228e-14,2.4273547716451254
140500,5.017857142859136,0.45794757927027063,19.73506557864657,32055.83612563002,1.2629668584680618e-14,2.4275816147058475
141000,5.035714285716428,0.4578923410195552,19.728054282213197,32050.503406298907,1.2662622330898998e-14,2.427838658934233
141500,5.053571428573719,0.4578372131408011,19.72108424920208,32045.049557918224,1.247494745955854e-14,2.4281235887854553
142000,5.071428571431011,0.45778219068096254,19.71417207344698,32039.73259091346,1.2295430145278178e-14,2.428432259401416
142500,5.089285714288303,0.4577272691108525,19.707332257248954,32034.790215921654,1.2219878189097133e-14,2.428759003298166
143000,5.107142857145594,0.45767244457148076,19.70057680419846,32030.429125870665,1.2855697284135412e-14,2.429097009149253
143500,5.125000000002886,0.45761771407838275,19.6939149312995,32026.816453900952,1.2910300221400763e-14,2.4294387464811122
144000,5.142857142860177,0.4575630756748992,19.687352898536115,32024.073801178725,1.2887707932742242e-14,2.429776407932553
144500,5.160714285717469,0.4575085285254439,19.680893950005085,32022.2740170049,1.2206102449415699e-14,2.430102340224869
145000,5.17857142857476,0.4574540729417217,19.674538360207357,32021.44071710614,1.2608258336381374e-14,2.430409437544869
145500,5.196428571432052,0.45739971033896365,19.66828358020928,32021.55035218309,1.214801075398278e-14,2.430691477167304
146000,5.2142857142893435,0.45734544312491265,19.66212447872801,32022.536489717473,1.3054835838797537e-14,2.4309433857370735
146500,5.232142857146635,0.45729127453028484,19.656053671252028,32024.295854282977,1.3175572419757603e-14,2.431161433354947
147000,5.250000000003927,0.45723720839436405,19.65006192623397,32026.695599847095,1.2896739850213957e-14,2.4313433590604263
147500,5.267857142861218,0.4571832489222897,19.644138632600303,32029.5812775521,1.2033210513672534e-14,2.431488434210976
148000,5.28571428571851,0.45712940043110156,19.63827230887115,32032.785018192182,1.2128970606372032e-14,2.4315974699368907
148500,5.303571428575801,0.4570756670999814,19.632451131868528,32036.13355383329,1.2638941069894856e-14,2.4316727727644296
149000,5.321428571433093,0.45702205273713115,19.62666346218012,32039.45582491276,1.3094641316533655e-14,2.431718050311932
149500,5.3392857142903845,0.45696856057235313,19.6208983437057,32042.59002179544,1.2593561374754193e-14,2.4317382677808292
150000,5.357142857147676,0.45691519308148343,19.615145955441694,32045.38996894482,1.2384612370857925e-14,2.431739456130812
150500,5.375000000004968,0.45686195184694456,19.609397995370237,32047.730770780567,1.2450539394848384e-14,2.4317284742139607
151000,5.392857142862259,0.4568088374578,19.603647979351017,32049.513613707306,1.2309052516824832e-14,2.431712729543217
151500,5.410714285719551,0.45675584945237246,19.597891442442723,32050.669580666166,1.2133945357908704e-14,2.4316998656644633
152000,5.428571428576842,0.45670298630598616,19.592126035687514,32051.16230450003,1.2792955154573012e-14,2.431697428076961
152500,5.446428571434134,0.45665024546512684,19.586351517211078,32050.98927958242,1.2282202314712072e-14,2.431712524735423
153000,5.464285714291425,0.456597623427082,19.580569641684477,32050.181675180545,1.2260296396694207e-14,2.431751500379851
153500,5.482142857148717,0.4565451158612872,19.574783956425065,32048.80255104407,1.2563764554224771e-14,2.4318196451672267
154000,5.5000000000060085,0.45649271776586864,19.56899951593823,32046.943463758995,1.1936189296554406e-14,2.431920956604846
154500,5.5178571428633,0.4564404236509505,19.56322253004826,32044.719564296192,1.3237378615084604e-14,2.4320579696872944
155000,5.535714285720592,0.45638822773956456,19.557459964220804,32042.26340890875,1.2343000593262866e-14,2.43223166431925
155500,5.553571428577883,0.4563361241773169,19.551719113948124,32039.717817815443,1.2720324644125045e-14,2.4324414528906457
156000,5.571428571435175,0.45628410724279317,19.546007177342275,32037.228200348116,1.2929365150982894e-14,2.4326852454226366
156500,5.589285714292466,0.4562321715513534,19.540330850430934,32034.934810330014,1.3098639171472153e-14,2.4329595855764974
157000,5.607142857149758,0.4561803122450514,19.534695967533253,32032.96540031969,1.2569677711618908e-14,2.4332598478891523
157500,5.6250000000070495,0.45612852516094615,19.529107204664506,32031.428713454134,1.2686641123277398e-14,2.4335804843719924
158000,5.642857142864341,0.45607680696951747,19.5235678580093,32030.409192831663,1.2495228209910901e-14,2.4339153066669144
158500,5.660714285721633,0.45602515527496945,19.518079703285686,32029.963203599487,1.3004645539228918e-14,2.434257788270212
159000,5.678571428578924,0.4559735686704751,19.512642936362163,32030.116953702505,1.2646011486329767e-14,2.434601370280821
159500,5.696428571436216,0.4559220467441054,19.507256191408658,32030.866170408968,1.2561712791349006e-14,2.4349397542088194
160000,5.714285714293507,0.45587059003500624,19.501916630261995,32032.177452993004,1.2790041609415256e-14,2.435267166906937
160500,5.732142857150799,0.4558191999436676,19.49662009526731,32033.991095845435,1.2810289102011216e-14,2.4355785855918617
161000,5.75000000000809,0.4557678786040005,19.49136131712854,32036.225081470828,1.2202581787446172e-14,2.4358699147710876
161500,5.767857142865382,0.4557166287276532,19.486134168745362,32038.779894804313,1.2607220744092858e-14,2.436138111049862
162000,5.7857142857226735,0.4556654534320943,19.480931955197285,32041.543812895652,1.3053411096869962e-14,2.436381255610045
162500,5.803571428579965,0.45561435606348744,19.47574772871555,32044.398367538644,1.2521238286681708e-14,2.4365985770935534
163000,5.821428571437257,0.45556334002366283,19.47057461571675,32047.223743405033,1.3319168339571756e-14,2.4367904293510168
163500,5.839285714294548,0.45551240860823733,19.46540614115582,32049.903939075397,1.2501866372117317e-14,2.4369582289702505
164000,5.85714285715184,0.45546156486079215,19.460236534245247,32052.331566673238,1.2720610529650254e-14,2.437104356950672
164500,5.875000000009131,0.4554108114464738,19.455060999628977,32054.412190476163,1.2927178916644758e-14,2.437232027937323
165000,5.892857142866423,0.455360150547545,19.449875939751273,32056.068107913095,1.2522720583963943e-14,2.4373451298452644
165500,5.9107142857237145,0.45530958378308534,19.444679117274795,32057.241466083946,1.2829156269644611e-14,2.4374480371592617
166000,5.928571428581006,0.4552591121548185,19.439469750387268,32057.896594390622,1.246847841308287e-14,2.4375454029355517
166500,5.946428571438298,0.4552087360205588,19.43424853791241,32058.021429833854,1.205019992677784e-14,2.4376419372286766
167000,5.964285714295589,0.45515845509583897,19.42901761470812,32057.627924537723,1.2819751276659584e-14,2.4377421824889773
167500,5.982142857152881,0.455108268482989,19.423780440699826,32056.75135985005,1.2413209393024612e-14,2.437850298434592
168000,6.000000000010172,0.4550581747255685,19.418541629275733,32055.448547518048,1.206698656950435e-14,2.4379698692593204
168500,6.017857142867464,0.4550081718849007,19.41330672304642,32053.794969619357,1.2804161749695596e-14,2.4381037446026568
169000,6.035714285724755,0.45495825763471337,19.408081927405092,32051.8809840418,1.338216192589453e-14,2.438253922871168
169500,6.053571428582047,0.45490842936950726,19.40287381484562,32049.807288968568,1.2363329308349945e-14,2.4384214820028114
170000,6.071428571439339,0.4548586843220837,19.397689015198388,32047.679889028048,1.3018869672347342e-14,2.43860655936406
170500,6.08928571429663,0.4548090196854376,19.39253390826701,32045.60483481335,1.2811541164117395e-14,2.4388083796397937
171000,6.107142857153922,0.45475943273383934,19.387414335306147,32043.683019133834,1.3350928895777278e-14,2.4390253274100444
171500,6.125000000011213,0.454709920937437,19.382335344181886,32042.005311729565,1.2381099278974505e-14,2.43925505940536
172000,6.142857142868505,0.45466048206434506,19.377300980088823,32040.648300372617,1.204931224179097e-14,2.4394958547527668
172500,6.160714285725796,0.4546111142642415,19.372314129875534,32039.6708771086,1.2409371994920779e-14,2.4397497144266413
173000,6.178571428583088,0.45456181612823376,19.367376424033928,32039.11185905712,1.2616931939950784e-14,2.4400063665099925
173500,6.1964285714403795,0.4545125867212688,19.36248819687578,32038.988761975234,1.2611793225617794e-14,2.4402624091590615
174000,6.214285714297671,0.45446342558554775,19.357648502773312,32039.29775675371,1.2907339107822155e-14,2.440514590979324
174500,6.232142857154963,0.45441433271591936,19.352855184677065,32040.014746280205,1.2919639815958712e-14,2.440759970527513
175000,6.250000000012254,0.45436530851065376,19.348104990226876,32041.097418453646,1.1938628189324637e-14,2.4409960507912167
175500,6.267857142869546,0.4543163537028737,19.34339373019989,32042.488074484878,1.2354826616011574e-14,2.4412208827330955
176000,6.285714285726837,0.4542674692789544,19.338716473320453,32044.1170070476,1.2592361893798536e-14,2.4414331350259597
176500,6.303571428584129,0.4542186563902889,19.33406777027283,32045.906208486136,1.2363479460136751e-14,2.441632130039671
177000,6.3214285714414205,0.4541699162641206,19.329441898105415,32047.773215893245,1.2890637248592672e-14,2.4418178483973225
177500,6.339285714298712,0.4541212501179695,19.32483311442023,32049.634934893,1.2590485827111517e-14,2.44199090563049
178000,6.357142857156004,0.454072659080923,19.32023590933553,32051.41131602527,1.2195353468792833e-14,2.4421525046119457
178500,6.375000000013295,0.45402414412402814,19.31564524270257,32053.028779600198,1.3142255653160823e-14,2.4423043668750912
179000,6.392857142870587,0.4539757060013466,19.31105675471938,32054.423294890694,1.2087979628026951e-14,2.442448645222721
179500,6.410714285727878,0.4539273452028997,19.306466939833992,32055.543020290315,1.2010346763671624e-14,2.442587819759886
180000,6.42857142858517,0.4538790619205726,19.301873276293108,32056.35040840107,1.2694556060910378e-14,2.442724579985214
180500,6.446428571442461,0.45383085602787765,19.29727430639364,32056.823680989943,1.2534308123779002e-14,2.44286169678718
181000,6.464285714299753,0.45378272707418277,19.292669665058817,32056.957589732392,1.2343511210807307e-14,2.4430018897146493
181500,6.4821428571570445,0.4537346742935538,19.288060056652572,32056.763403441822,1.2183541248732927e-14,2.443147696166782
182000,6.500000000014336,0.4536866966278112,19.283447182048967,32056.26810087561,1.2687095674318661e-14,2.4433013497068172
182500,6.517857142871628,0.45363879276283736,19.278833620063182,32055.512795710216,1.2686198507255989e-14,2.4434646743531783
183000,6.535714285728919,0.45359096117665776,19.274222669528417,32054.550469423717,1.2489381022209812e-14,2.4436390005591515
183500,6.553571428586211,0.4535432001973537,19.269618160487056,32053.443130931344,1.250737023645726e-14,2.443825106994601
184000,6.571428571443502,0.4534955080684149,19.265024244885815,32052.258553936495,1.277141260115389e-14,2.4440231905601415
184500,6.589285714300794,0.4534478830186808,19.260445178460973,32051.066763303745,1.2332753987442813e-14,2.444232865546817
185000,6.6071428571580855,0.45340032333355307,19.255885105855572,32049.93645274869,1.2543984655108026e-14,2.4444531915575443
185500,6.625000000015377,0.4533528274237621,19.251347860286614,32048.931520579346,1.2928017891948277e-14,2.444682728631705
186000,6.642857142872669,0.45330539388775615,19.246836787373915,32048.107908595353,1.2352400921186728e-14,2.4449196168087313
186500,6.66071428572996,0.4532580215638676,19.242354600374707,32047.510918847045,1.2308688635232706e-14,2.445161676047724
187000,6.678571428587252,0.45321070956890075,19.237903271481915,32047.17315949782,1.2311032853872853e-14,2.445406521048249
187500,6.696428571444543,0.45316345732068547,19.233483961477578,32047.11323175434,1.209235600868984e-14,2.4456516842991642
188000,6.714285714301835,0.4531162645433897,19.229096988179858,32047.33521616539,1.2534318873481986e-14,2.4458947399070503
188500,6.732142857159126,0.4530691312558155,19.224741832860722,32047.828955012148,1.2057153670944599e-14,2.4461334206877736
189000,6.750000000016418,0.4530220577443071,19.220417182996623,32048.571067884368,1.2140104725064897e-14,2.4463657217751513
189500,6.7678571428737095,0.45297504452304727,19.216121009052852,32049.526589862886,1.2933191248819132e-14,2.446589985536509
190000,6.785714285731001,0.45292809228523667,19.211850672189758,32050.65109273211,1.2377762945945408e-14,2.446804964604579
190500,6.803571428588293,0.45288120184887026,19.207603058635886,32051.89314075985,1.255495043758741e-14,2.447009861921282
191000,6.821428571445584,0.4528343741005791,19.203374735032057,32053.196940071688,1.3380459030511393e-14,2.447204348417252
191500,6.839285714302876,0.4527876099404491,19.199162117554515,32054.50505755216,1.2430183051096741e-14,2.4473885600347915
192000,6.857142857160167,0.45274091023004537,19.19496164642885,32055.761104023837,1.2265616326631423e-14,2.4475630761884397
192500,6.875000000017459,0.4526942757452403,19.190769956863534,32056.912291457527,1.2024410357413507e-14,2.447728881638861
193000,6.8928571428747505,0.4526477071349735,19.18658403761389,32057.911782505726,1.2318470947390589e-14,2.4478873134797543
193500,6.910714285732042,0.4526012048867941,19.1824013692718,32058.72075337499,1.2507936294176057e-14,2.448039994855642
194000,6.928571428589334,0.45255476929989036,19.178220035740054,32059.310091239975,1.2395043846666838e-14,2.4481887573469527
194500,6.946428571446625,0.45250840046624063,19.17403880392991,32059.66164971273,1.2359404658138178e-14,2.4483355546625765
195000,6.964285714303917,0.45246209826042405,19.16985716833071,32059.76899479418,1.1983522380600344e-14,2.44848237115426
195500,6.982142857161208,0.4524158623384806,19.165675358695935,32059.637591986673,1.2683923294994157e-14,2.448631129409256
196000,7.0000000000185,0.45236969214598977,19.161494310734252,32059.284412748013,1.2483043113081941e-14,2.448783601535897
196500,7.017857142875791,0.4523235869352391,19.157315601477876,32058.736972182152,1.2392639735111424e-14,2.4489413286292327
197000,7.035714285733083,0.45227754579099383,19.153141352930675,32058.031844824298,1.2205921178834371e-14,2.4491055523586898
197500,7.053571428590375,0.45223156766396905,19.148974109551432,32057.21273656799,1.340980713010716e-14,2.4492771618348614
198000,7.071428571447666,0.45218565141064526,19.144816696851432,32056.32821492377,1.2592561100827898e-14,2.449456658072943
198500,7.089285714304958,0.4521397958376119,19.14067206958765,32055.429216218174,1.3222523536272748e-14,2.4496441375828817
199000,7.107142857162249,0.45209399974819897,19.13654315847046,32054.566458329216,1.2057807768310184e-14,2.449839295873129
199500,7.125000000019541,0.452048261988851,19.13243272389141,32053.787892749227,1.2270192135988555e-14,2.4500414508645862
200000,7.142857142876832,0.45200258149255307,19.128343224005295,32053.136330511312,1.2175023523439537e-14,2.4502495852719055
200500,7.160714285734124,0.45195695731671626,19.124276702834663,32052.64737125288,1.19137821225054e-14,2.450462405885047
201000,7.1785714285914155,0.45191138867325503,19.120234702244986,32052.347750763685,1.2300042603306756e-14,2.450678416455596
201500,7.196428571448707,0.4518658749491584,19.116218199987667,32052.254197756687,1.2605394761722312e-14,2.45089599974928
202000,7.214285714305999,0.4518204157166069,19.112227574729744,32052.37285568151,1.2395466427817837e-14,2.4511135035136746
202500,7.23214285716329,0.45177501073251813,19.10826259811546,32052.699283659975,1.2260355456310274e-14,2.4513293248447128
203000,7.250000000020582,0.45172965992823866,19.104322453316456,32053.219008066397,1.2184501737544395e-14,2.451541987820402
203500,7.267857142877873,0.45168436339079193,19.10040577900755,32053.908559587493,1.2265388008067542e-14,2.4517502102497257
204000,7.285714285735165,0.45163912133757284,19.096510737049666,32054.73690501904,1.209370713965498e-14,2.451952956746488
204500,7.3035714285924564,0.45159393408659787,19.09263510126801,32055.66717079931,1.2310804292668714e-14,2.4521494767787577
205000,7.321428571449748,0.4515488020243633,19.088776363622266,32056.65855511695,1.222088188443894e-14,2.452339327563972
205500,7.33928571430704,0.4515037255731248,19.084931852953012,32057.668333525722,1.1841834747971658e-14,2.452522382482013
206000,7.357142857164331,0.45145870515905384,19.081098860581992,32058.65387444132,1.2016400033954279e-14,2.4526988260287403
206500,7.375000000021623,0.4514137411823623,19.077274766535734,32059.574591348028,1.2806488146776991e-14,2.4528691363574966
207000,7.392857142878914,0.45136883399019007,19.07345716013038,32060.393765445227,1.2444310831994132e-14,2.4530340563757873
207500,7.410714285736206,0.45132398385285444,19.069643949052658,32061.080175528306,1.2518812665058271e-14,2.4531945543965192
208000,7.428571428593497,0.4512791909439645,19.06583345176444,32061.60947290467,1.2697855965330854e-14,2.453351775608656
208500,7.446428571450789,0.4512344553248757,19.062024468908856,32061.965241137124,1.2903148111251552e-14,2.4535069861175423
209000,7.4642857143080805,0.45118977693396156,19.058216330327816,32062.139686553623,1.2862552940443656e-14,2.4536615118772533
209500,7.482142857165372,0.451145155581158,19.054408915329574,32062.133917890646,1.2023950588904801e-14,2.4538166753184965
210000,7.500000000022664,0.45110059094815813,19.050602645039707,32061.95779241441,1.2162526378884713e-14,2.4539737327232074
210500,7.517857142879955,0.45105608259449337,19.046798447092772,32061.629329668594,1.2487683907997708e-14,2.454133815362035
211000,7.535714285737247,0.4510116299694859,19.042997694555808,32061.173719534872,1.205007832975985e-14,2.4542978771435
211500,7.553571428594538,0.45096723242975045,19.03920212268682,32060.621975243106,1.1874092695331407e-14,2.4544666511324116
212000,7.57142857145183,0.450922889261549,19.035413728694685,32060.009301907077,1.2018161989197164e-14,2.454640616882081
212500,7.5892857143091215,0.45087859970692035,19.031634660819584,32059.3732661087,1.28820182006948e-14,2.4548199801331987
213000,7.607142857166413,0.45083436299217466,19.02786710359033,32058.75186223966,1.2916246462439444e-14,2.4550046660282265
213500,7.625000000023705,0.45079017835709867,19.024113165952986,32058.18157731603,1.2609049859922193e-14,2.455194326489732
214000,7.642857142880996,0.4507460450831117,19.020374778172496,32057.695557839805,1.191287137826787e-14,2.455388361733752
214500,7.660714285738288,0.4507019625186598,19.016653602192314,32057.321979095756,1.2367428531813714e-14,2.455585955014118
215000,7.678571428595579,0.45065793010033717,19.012950958761866,32057.082707556852,1.2077489441196506e-14,2.4557861186924956
215500,7.696428571452871,0.4506139473685572,19.009267773365423,32056.992329719953,1.248625667542121e-14,2.4559877487581083
216000,7.714285714310162,0.45057001397702573,19.005604541967998,32057.05759595662,1.2480924235687974e-14,2.4561896841806883
216500,7.732142857167454,0.45052612969575856,19.001961316871906,32057.27729802193,1.2753863384457043e-14,2.456390767140589
217000,7.7500000000247455,0.4504822944078604,18.99833771246942,32057.642567547406,1.2292984023739696e-14,2.4565899003289333
217500,7.767857142882037,0.4504385081007141,18.994732930237035,32058.13755466836,1.2605317715429056e-14,2.4567860981094523
218000,7.785714285739329,0.4503947708525517,18.991145801807885,32058.740424758602,1.2731201435387669e-14,2.4569785292318014
218500,7.80357142859662,0.45035108281556435,18.987574848311745,32059.42459916359,1.202915219189047e-14,2.4571665497656157
219000,7.821428571453912,0.4503074441967514,18.984018353415163,32060.160162675194,1.2316098320510127e-14,2.4573497257747126
219500,7.839285714311203,0.45026385523763285,18.98047444673771,32060.91536415217,1.2412075927309717e-14,2.4575278458334724
220000,7.857142857168495,0.4502203161937868,18.976941193703404,32061.658143954053,1.2456830642927098e-14,2.4577009237785274
220500,7.8750000000257865,0.4501768273149791,18.973416687517776,32062.357629521182,1.2178551590778926e-14,2.4578691921697406
221000,7.892857142883078,0.4501333888264771,18.969899138878098,32062.985546283126,1.1904814972640233e-14,2.4580330869480482
221500,7.91071428574037,0.4500900009120195,18.96638695918981,32063.517494387517,1.2443673101926291e-14,2.458193223861404
222000,7.928571428597661,0.4500466636988374,18.962878833393717,32063.934043323043,1.2554959580967643e-14,2.458350367458284
222500,7.946428571454953,0.45000337724512196,18.959373778939778,32064.22159824454,1.2489557267138405e-14,2.4585053938087973
223000,7.964285714312244,0.44996014153034203,18.955871187950862,32064.372995887694,1.2296968102488893e-14,2.4586592485206666
223500,7.982142857169536,0.4499169564488339,18.952370850248023,32064.387796063867,1.2446207371203457e-14,2.4588129019599596
224000,8.000000000026827,0.44987382180705293,18.94887295572792,32064.272247407484,1.2026132699956558e-14,2.4589673037777184
224500,8.017857142883674,0.4498307373247962,18.945378075648108,32064.038922558346,1.2306270723947822e-14,2.4591233388576335
225000,8.035714285740521,0.4497877026405408,18.941887123667833,32063.706036539108,1.2566049995886786e-14,2.459281786671988
225500,8.053571428597369,0.4497447173208132,18.938401298901425,32063.296480609868,1.2635422607716641e-14,2.4594432858334683
226000,8.071428571454216,0.449701780873234,18.93492201457739,32062.836620524628,1.255455952683513e-14,2.4596083054195677
226500,8.089285714311064,0.4496588927626032,18.93145081694382,32062.35492175247,1.2386141930839542e-14,2.459777124443595
227000,8.107142857167911,0.44961605242914493,18.927989299639492,32061.88047440649,1.2246359394300168e-14,2.4599498206174384
227500,8.125000000024759,0.4495732593078605,18.92453901877665,32061.44149719127,1.1889814872317739e-14,2.460126269229626
228000,8.142857142881606,0.4495305128478514,18.921101413493048,32061.063902342918,1.2575851325568571e-14,2.4603061524863823
228500,8.160714285738454,0.44948781253049236,18.9176777358677,32060.770001651246,1.2206693547730306e-14,2.460488979018059
229000,8.178571428595301,0.44944515788544237,18.91426899306053,32060.57742640782,1.2470279691153562e-14,2.4606741124915423
229500,8.196428571452149,0.44940254850365513,18.910875903523486,32060.498321009072,1.3079610959710756e-14,2.4608608075082685
230000,8.214285714308996,0.44935998404679,18.907498868278307,32060.53885133403,1.2135915269634222e-14,2.461048250355211
230500,8.232142857165844,0.44931746425268204,18.90413795760661,32060.699046473004,1.2697359656620253e-14,2.4612356018424624
231000,8.250000000022691,0.44927498893680684,18.900792913015454,32060.97296855315,1.2821737288590775e-14,2.461422039474886
231500,8.267857142879539,0.44923255798992784,18.897463163937374,32061.34918343364,1.2482030558171111e-14,2.461606796545294
232000,8.285714285736386,0.44919017137233613,18.894147858210985,32061.811487763123,1.2006784001736728e-14,2.461789196302723
232500,8.303571428593234,0.44914782910524725,18.890845904920532,32062.339837054144,1.2031473475750599e-14,2.461968679992458
233000,8.321428571450081,0.4491055312600092,18.887556027662175,32062.911415291816,1.2138340247252366e-14,2.4621448281384173
233500,8.339285714306929,0.44906327794579104,18.884276825813814,32063.50178797987,1.2447798521432094e-14,2.4623173748497136
234000,8.357142857163776,0.44902106929637686,18.881006840990636,32064.086085323677,1.255172531927811e-14,2.4624862151586164
234500,8.375000000020624,0.4489789054566201,18.87774462562887,32064.64016812924,1.2461780181811494e-14,2.462651405490765
235000,8.392857142877471,0.44893678656902525,18.87448881056852,32065.14173411807,1.2099463727053973e-14,2.462813157419249
235500,8.410714285734318,0.44889471276086224,18.8712381685728,32065.57132584435,1.2132686596741814e-14,2.4629718249521253
236000,8.428571428591166,0.44885268413218493,18.867991670880965,32065.913203458935,1.2269307287556383e-14,2.4631278857948122
236500,8.446428571448013,0.44881070074511686,18.86474853410798,32066.15604727253,1.2369239254959573e-14,2.463281917306863
237000,8.46428571430486,0.4487687626147865,18.86150825508487,32066.293457897482,1.20627665638378e-14,2.463434568181832
237500,8.482142857161708,0.44872686970230247,18.858270631623572,32066.32422699822,1.2101412622885409e-14,2.4635872938557335
238000,8.500000000018556,0.4486850219101446,18.85503576775605,32066.252360044313,1.19476810992615e-14,2.4637466347005526
238500,8.517857142875403,0.44864321908028326,18.851804062782154,32066.08684379846,1.1999764470240529e-14,2.463906573627309
239000,8.53571428573225,0.4486014609952267,18.848576184455183,32065.84116470805,1.2233483842791243e-14,2.4640676837056072
239500,8.553571428589098,0.4485597473820272,18.84535302775075,32065.532598611666,1.2439250554620669e-14,2.4642304598542086
240000,8.571428571445946,0.44851807791908943,18.84213566176027,32065.181305886654,1.2497904748578513e-14,2.4643952960314457
240500,8.589285714302793,0.4484764522454231,18.838925268149147,32064.809278257635,1.2448476323226207e-14,2.4645624673490505
241000,8.60714285715964,0.4484348699718135,18.835723075178045,32064.43919317384,1.2530906900698772e-14,2.4647321180954145
241500,8.625000000016488,0.4483933306932663,18.83253029142048,32064.0932383736,1.2276967431205683e-14,2.464904256454096
242000,8.642857142873336,0.4483518340020128,18.82934804303203,32063.791972443694,1.2528324737048048e-14,2.465078756385217
242500,8.660714285730183,0.44831037950035924,18.826177317828,32063.553286291026,1.2438928067216944e-14,2.465255366689865
243000,8.67857142858703,0.44826896681270745,18.823018918648916,32063.391524970328,1.2388081329260308e-14,2.4654337267380675
243500,8.696428571443878,0.44822759559614844,18.81987342768359,32063.31681908785,1.2100676210926203e-14,2.465613387790796
244000,8.714285714300726,0.44818626554914703,18.816741182692184,32063.334660489934,1.218551989566574e-14,2.465793838388617
244500,8.732142857157573,0.44814497641795,18.81362226547499,32063.44573938168,1.2338437504681632e-14,2.465974532007221
245000,8.75000000001442,0.4481037280005008,18.810516502466953,32063.64604136587,1.2190370908909793e-14,2.466154915142014
245500,8.767857142871268,0.4480625201477858,18.807423476952447,32063.9271854266,1.2216700594694861e-14,2.466334454170961
246000,8.785714285728115,0.4480213527626823,18.80434255204502,32064.27696972934,1.2430097096816823e-14,2.4665126596896365
246500,8.803571428584963,0.44798022579650565,18.80127290322765,32064.680082675783,1.2639428478057909e-14,2.4666891074169865
247000,8.82142857144181,0.44793913924355677,18.798213558904283,32065.118932346493,1.1920704383825818e-14,2.4668634551355426
247500,8.839285714298658,0.4478980931340313,18.795163447101224,32065.57454763823,1.2435969379819952e-14,2.4670354553910574
248000,8.857142857155505,0.4478570875256823,18.79212144621554,32066.02750766214,1.2085705949298976e-14,2.4672049638186175
248500,8.875000000012353,0.4478161224946291,18.789086437561803,32066.45886060945,1.2404154467101657e-14,2.4673719430175134
249000,8.8928571428692,0.4477751981256832,18.786057357420212,32066.850997833913,1.2019417672143838e-14,2.4675364619258247
249500,8.910714285726048,0.44773431450254975,18.78303324631586,32067.18845243936,1.20757253897718e-14,2.4676986907074134
250000,8.928571428582895,0.4476934716982466,18.78001329333452,32067.458594066025,1.2111287827061122e-14,2.4678588912925763
250500,8.946428571439743,0.4476526697660922,18.776996873391163,32067.652193374706,1.2291174174297185e-14,2.468017403906429
251000,8.96428571429659,0.44761190873161383,18.77398357552903,32067.763831887212,1.2193218976864831e-14,2.4681746301430643
251500,8.982142857153438,0.4475711885857362,18.770973220583052,32067.792136340482,1.2370785517055854e-14,2.468331013350816
252000,9.000000000010285,0.4475305092795876,18.76796586694403,32067.73982225089,1.2519466941372662e-14,2.468487017247027
252500,9.017857142867133,0.4474898707212125,18.764961803746154,32067.613539159735,1.222083753734577e-14,2.468643103762682
253000,9.03571428572398,0.4474492727743931,18.76196153156142,32067.423519711956,1.2173358093734725e-14,2.4687997111371662
253500,9.053571428580828,0.4474087152596618,18.75896573155987,32067.18304557371,1.2583444591441444e-14,2.468957233264681
254000,9.071428571437675,0.44736819795745414,18.755975224971525,32066.907754280248,1.24235801795848e-14,2.4691160012560918
254500,9.089285714294522,0.4473277206132168,18.752990925436574,32066.614821471652,1.1662061574217232e-14,2.4692762681290192
255000,9.10714285715137,0.4472872829441717,18.75001378733316,32066.322061742314,1.217625820023584e-14,2.4694381974570643
255500,9.125000000008217,0.44724688464735163,18.747044753358033,32066.046997746933,1.1770625908955538e-14,2.469601856667673
256000,9.142857142865065,0.44720652540847594,18.744084704495293,32065.805950601232,1.2494931282730927e-14,2.469767215450622
256500,9.160714285721912,0.4471662049112125,18.74113441509819,32065.61320444154,1.2236513974741787e-14,2.469934149419867
257000,9.17857142857876,0.44712592284637875,18.738194515224983,32065.480293901906,1.2301556362663877e-14,2.4701024487864034
257500,9.196428571435607,0.44708567892065343,18.73526546172107,32065.41545521813,1.2125977313304205e-14,2.4702718314032714
258000,9.214285714292455,0.4470454728643992,18.732347518916445,32065.42327014656,1.2790144839656589e-14,2.4704419592053886
258500,9.232142857149302,0.44700530443824676,18.72944074926598,32065.504517928417,1.2235540748247348e-14,2.470612456849913
259000,9.25000000000615,0.44696517343814457,18.726545013814434,32065.656235636743,1.2162894985562566e-14,2.470782931301395
259500,9.267857142862997,0.44692507969866385,18.723659982003017,32065.871973152472,1.2666777166966088e-14,2.470952991197222
260000,9.285714285719845,0.44688502309443695,18.72078515002783,32066.142217339733,1.1795931819833927e-14,2.471122265030859
260500,9.303571428576692,0.4468450035397121,18.717919866689847,32066.45495186896,1.1883162060844186e-14,2.4712904174394903
261000,9.32142857143354,0.44680502098610825,18.71506336543942,32066.79631500133,1.2272638099366648e-14,2.4714571631150877
261500,9.339285714290387,0.44676507541873717,18.712214801122656,32067.151317170392,1.2175926297735319e-14,2.4716222780290042
262000,9.357142857147235,0.4467251668509314,18.709373289797306,32067.50458244316,1.2342348290619598e-14,2.4717856077580818
262500,9.375000000004082,0.4466852953178555,18.70653794990592,32067.841081676353,1.240289929085721e-14,2.471947072743852
263000,9.39285714286093,0.4466454608693058,18.703707943069837,32068.146829216126,1.21049887069253e-14,2.472106670343052
263500,9.410714285717777,0.44660566356201764,18.70088251278208,32068.40951848214,1.188620936476736e-14,2.4722644735763257
264000,9.428571428574624,0.4465659034518033,18.69806101931534,32068.619074405156,1.1439585830445033e-14,2.4724206265759157
264500,9.446428571431472,0.4465261805858522,18.695242969222797,32068.768102653044,1.196837859053204e-14,2.4725753368733367
265000,9.46428571428832,0.44648649499552334,18.69242803791032,32068.852217457425,1.1800943442337336e-14,2.4727288648344605
265500,9.482142857145167,0.44644684668995505,18.689616083937583,32068.870232366953,1.2260172222197912e-14,2.4728815107133624
266000,9.500000000002014,0.4464072356507912,18.686807154004466,32068.824202037074,1.2351380206929283e-14,2.4730335999303814
266500,9.517857142858862,0.4463676618282798,18.68400147802295,32068.719308559543,1.2423501572059998e-14,2.4731854672712332
267000,9.53571428571571,0.44632812513892745,18.68119945426203,32068.563592826547,1.237488147885204e-14,2.47333744075319
267500,9.553571428572557,0.4462886254648166,18.678401625235363,32068.36753963343,1.1987396050838011e-14,2.473489825922109
268000,9.571428571429404,0.44624916265458603,18.67560864569972,32068.143534029838,1.1691960110115485e-14,2.473642891339656
268500,9.589285714286252,0.44620973652599694,18.672821244746174,32067.90521503853,1.2474987918501007e-14,2.473796855996115
269000,9.6071428571431,0.44617034686992163,18.670040184404034,32067.66676046394,1.2138152512339771e-14,2.4739518793290247
269500,9.624999999999947,0.44613099345554175,18.667266217376625,32067.44214231066,1.226521740430715e-14,2.4741080544264
270000,9.642857142856794,0.4460916760364929,18.664500046473947,32067.24439563644,1.2076134332822916e-14,2.4742654048288877
270500,9.660714285713642,0.4460523943576786,18.661742288027032,32067.084943932176,1.1924621106755004e-14,2.474423885118424
271000,9.67857142857049,0.44601314816244575,18.658993441128498,32066.973021056125,1.1395070642255344e-14,2.474583385207913
271500,9.696428571427337,0.4459739371998055,18.656253864020723,32066.915223383323,1.2597031584681622e-14,2.4747437379656194
272000,9.714285714284184,0.4459347612313696,18.653523758422956,32066.91521660564,1.196977478169366e-14,2.4749047295626427
272500,9.732142857141032,0.4458956200376707,18.650803162099752,32066.973610386154,1.2460172412599109e-14,2.4750661117656216
273000,9.749999999997879,0.4458565134235495,18.648091949556303,32067.088002033513,1.2491543860518017e-14,2.475227615332087
273500,9.767857142854727,0.44581744122232825,18.64538984040378,32067.25317885921,1.2230322097473483e-14,2.475388963702587
274000,9.785714285711574,0.4457784032985527,18.642696414660985,32067.461459179598,1.2700095163591563e-14,2.4755498862964056
274500,9.803571428568421,0.44573939954916414,18.640011134039568,32067.703144945604,1.209079764018091e-14,2.475710130866543
275000,9.821428571425269,0.44570042990306225,18.637333368090008,32067.967055148416,1.2671650555274503e-14,2.4758694745132486
275500,9.839285714282116,0.4456614943191074,18.634662423962922,32068.241108311762,1.2558096858562038e-14,2.4760277330646003
276000,9.857142857138964,0.4456225927827009,18.631997578463846,32068.51292392185,1.2244050028753282e-14,2.47618476859787
276500,9.874999999995811,0.44558372530114987,18.629338111045506,32068.770415666484,1.1890197867788317e-14,2.476340494907204
277000,9.892857142852659,0.4455448918980714,18.62668333637722,32069.00235290792,1.1889175014215558e-14,2.4764948807443563
277500,9.910714285709506,0.44550609260712537,18.62403263514745,32069.19887016486,1.1857763786605291e-14,2.476647950694751
278000,9.928571428566354,0.44546732746538076,18.621385481781335,32069.35190711671,1.2813909669361563e-14,2.4767997836174866
278500,9.946428571423201,0.4454285965066278,18.61874146779581,32069.45556376487,1.1964123884467874e-14,2.4769505086774273
279000,9.964285714280049,0.44538989975494525,18.616100319588206,32069.506357207316,1.2002697826543848e-14,2.4771002991190714
279500,9.982142857136896,0.445351237218813,18.613461909588818,32069.503368508616,1.2004252207971893e-14,2.4772493640584523
280000,9.999999999993744,0.4453126088860311,18.610826259937703,32069.448270905166,1.1566459153559377e-14,2.477397938681919
280500,10.017857142850591,0.44527401471966865,18.608193538190484,32069.345234450186,1.1882231730413014e-14,2.4775462733289233
281000,10.035714285707439,0.44523545465520065,18.60556404501286,32069.200707313405,1.2121191385551438e-14,2.477694621996344
281500,10.053571428564286,0.44519692859893345,18.602938194358746,32069.02308015679,1.2081886138146575e-14,2.4778432308372835
282000,10.071428571421134,0.4451584364277519,18.60031648717947,32068.822246902502,1.2009695220016363e-14,2.4779923272415143
282500,10.089285714277981,0.4451199779901567,18.597699480209993,32068.609082189727,1.1732248208601807e-14,2.4781421100769405
283000,10.107142857134829,0.4450815531085158,18.595087751749986,32068.394862175202,1.1939324963794128e-14,2.4782927416357046
283500,10.124999999991676,0.44504316158240353,18.592481866550152,32068.190660336706,1.2275216200435586e-14,2.4784443417559334
284000,10.142857142848523,0.4450048031928775,18.58988234191011,32068.006752933128,1.1813710914554829e-14,2.4785969844727416
284500,10.160714285705371,0.4449664777075044,18.58728961690167,32067.852069249988,1.2033172929359852e-14,2.478750697391995
285000,10.178571428562218,0.4449281848859217,18.58470402629827,32067.73371945131,1.2070686726667024e-14,2.478905463789389
285500,10.196428571419066,0.44488992448568354,18.582125780367562,32067.65662779537,1.2193680876734147e-14,2.479061227240681
286000,10.214285714275913,0.44485169626810783,18.57955495123317,32067.623291535456,1.224186343900623e-14,2.4792178984147553
286500,10.23214285713276,0.4448135000038127,18.576991466076347,32067.633676715726,1.2857086509812753e-14,2.4793753635372697
287000,10.249999999989608,0.44477533547762416,18.574435107064897,32067.68525225049,1.1868749251160065e-14,2.4795334939742735
287500,10.267857142846456,0.4447372024925441,18.57188551757451,32067.773154198967,1.1756758758500663e-14,2.479692156392946
288000,10.285714285703303,0.44469910087251513,18.569342214016494,32067.890464032083,1.186852786178992e-14,2.4798512230160235
288500,10.30357142856015,0.44466103046378136,18.566804602395248,32068.02857867715,1.2332344908721249e-14,2.4800105815725475
289000,10.321428571416998,0.4446229911347322,18.564271998587536,32068.177646621472,1.293241594005399e-14,2.4801701446345055
289500,10.339285714273846,0.4445849827742099,18.561743651253263,32068.327043313995,1.2271414111784465e-14,2.480329858097974
290000,10.357142857130693,0.4445470052883529,18.55921876624701,32068.4658601223,1.1838632586477447e-14,2.480489708611029
290500,10.37499999998754,0.444509058596132,18.556696531390937,32068.58338352549,1.21684118391965e-14,2.480649729774349
291000,10.392857142844388,0.4444711426237874,18.554176140478837,32068.66954431111,1.2021999700916912e-14,2.4808100069582193
291500,10.410714285701236,0.4444332572984333,18.551656815401287,32068.715319664432,1.1869867324789155e-14,2.4809706806069083
292000,10.428571428558083,0.44439540254110277,18.549137825303994,32068.71307376997,1.2336447337441465e-14,2.481131947949434
292500,10.44642857141493,0.44435757825952105,18.546618501724673,32068.656824765534,1.1868240648505208e-14,2.481294063107281
293000,10.464285714271778,0.44431978434088204,18.544098248710878,32068.542427737986,1.214280282114541e-14,2.481457335680097
293500,10.482142857128625,0.4442820206448772,18.541576547026892,32068.367665262518,1.1823497425680648e-14,2.4816221279878174
294000,10.499999999985473,0.44424428699719015,18.539052951736977,32068.132239168393,1.2161745404555435e-14,2.4817888512415185
294500,10.51785714284232,0.4442065831836258,18.53652708271806,32067.837660112145,1.241012400351561e-14,2.4819579609957816
295000,10.535714285699168,0.44416890894499206,18.533998608007373,32067.48703534825,1.2285424746125892e-14,2.4821299522984974
295500,10.553571428556015,0.44413126397279457,18.531467220303462,32067.084759785062,1.228282070868102e-14,2.482305354998443
296000,10.571428571412863,0.4440936479057551,18.528932607370123,32066.63612074816,1.1898866465083701e-14,2.482484729696681
296500,10.58928571426971,0.4440560603271173,18.526394417486905,32066.14683239819,1.2361405785925481e-14,2.482668664833853
297000,10.607142857126558,0.4440185007626636,18.523852221390634,32065.62252088858,1.1875299308294493e-14,2.4828577753873375
297500,10.624999999983405,0.4439809686793311,18.521305472319426,32065.068185469718,1.2183691101473096e-14,2.483052703606455
298000,10.642857142840253,0.44394346348428104,18.518753465779813,32064.48766326772,1.1954188181228729e-14,2.4832541221367013
298500,10.6607142856971,0.44390598452424324,18.516195300516113,32063.88312593056,1.2226233205841452e-14,2.483462739778555
299000,10.678571428553948,0.4438685310849114,18.513629841889884,32063.254634496683,1.2290749193960129e-14,2.4836793100016066
299500,10.696428571410795,0.44383110239011825,18.511055688521093,32062.59977471643,1.2141702151900568e-14,2.4839046422066122
300000,10.714285714267643,0.4437936976004712,18.508471142642342,32061.913388951332,1.1836253168647325e-14,2.484139615615251
300500,10.73214285712449,0.44375631581108355,18.505874184216704,32061.1874132562,1.201009080783778e-14,2.484385195587062
301000,10.749999999981338,0.4437189560480065,18.50326244850001,32060.410820083896,1.1615220193061416e-14,2.4846424521252537
301500,10.767857142838185,0.44368161726296124,18.500633206408985,32059.56965909341,1.2451258634877132e-14,2.484912580339094
302000,10.785714285695033,0.44364429832599045,18.49798334679813,32058.647181598048,1.2229258082875598e-14,2.4851969226716575
302500,10.80357142855188,0.44360699801569115,18.495309359551335,32057.6240288877,1.2442057937843895e-14,2.4854969927632387
303000,10.821428571408727,0.4435697150067631,18.49260731825349,32056.478461352865,1.2120804455037055e-14,2.4858145008871966
303500,10.839285714265575,0.4435324478546827,18.48987286111622,32055.186604060113,1.237995900957631e-14,2.4861513809532414
304000,10.857142857122422,0.443495194977389,18.487101168776714,32053.722684916356,1.1607569844217846e-14,2.4865098191196964
304500,10.87499999997927,0.4434579546339418,18.48428693755977,32052.059243334952,1.2189264385846327e-14,2.4868922840920846
305000,10.892857142836117,0.4434207249001576,18.48142434677576,32050.16728980814,1.1552762787823376e-14,2.487301559219454
305500,10.910714285692965,0.44338350364126383,18.478507018614035,32048.016399459826,1.2114922046442085e-14,2.487740776541562
306000,10.928571428549812,0.4433462884816073,18.475527969178298,32045.574725108163,1.1626791920286044e-14,2.4882134529962623
306500,10.94642857140666,0.4433090767714446,18.472479549202816,32042.808917422608,1.1956827731975086e-14,2.488723529070349
307000,10.964285714263507,0.44327186555079423,18.469353372999258,32039.683941445703,1.2100292681377366e-14,2.4892754102654666
307500,10.982142857120355,0.44323465151028063,18.46614023423314,32036.162780278122,1.1846393439691343e-14,2.4898740118461125
308000,10.999999999977202,0.44319743094882846,18.46283000723512,32032.206018391757,1.2444632476399106e-14,2.490524807431793
308500,11.01785714283405,0.4431601997279895,18.45941153272886,32027.771299149637,1.2023197795546761e-14,2.4912338820798903
309000,11.035714285690897,0.4431229532226047,18.4558724871056,32022.812653878864,1.1673833318374224e-14,2.492007990575602
309500,11.053571428547745,0.44308568626741945,18.452199234682112,32017.27970332431,1.2051120694599529e-14,2.4928546216930805
310000,11.071428571404592,0.4430483930991972,18.44837666271701,32011.116736382475,1.1758314510067576e-14,2.493782069214848
310500,11.08928571426144,0.44301106729380046,18.44438799929429,32004.261675381582,1.2473668086269097e-14,2.4947995104893095
311000,11.107142857118287,0.4429737016976462,18.440214614480436,31996.64494141534,1.1502684097750648e-14,2.495917093262714
311500,11.124999999975135,0.4429362883528786,18.435835805394486,31988.188236888403,1.155683476123123e-14,2.497146031436384
312000,11.142857142831982,0.4428988184155454,18.43122856599153,31978.80326503948,1.2092596519014372e-14,2.4984987102672953
312500,11.16071428568883,0.44286128206600045,18.42636734246091,31968.390407468618,1.14530043915014e-14,2.499988801346992
313000,11.178571428545677,0.44282366841069903,18.42122377520833,31956.837380467536,1.1959460237618037e-14,2.5016313874604625
313500,11.196428571402524,0.442785965374494,18.415766428477674,31944.01788938365,1.228236756221415e-14,2.503443097144776
314000,11.214285714259372,0.4427481595824903,18.409960508827425,31929.79029773992,1.2285693520979686e-14,2.5054422484379804
314500,11.23214285711622,0.4427102362304931,18.403767573973276,31913.99632508441,1.151478668878137e-14,2.5076490009313117
315000,11.249999999973067,0.442672178943091,18.397145234006572,31896.459785469142,1.1643195350701665e-14,2.510085514802492
315500,11.267857142829914,0.44263396961846435,18.390046847760576,31876.985378151025,1.1953049585912593e-14,2.5127761150021812
316000,11.285714285686762,0.44259558825912004,18.38242121818415,31855.35754471839,1.1946800497045767e-14,2.515747458166707
316500,11.30357142854361,0.44255701278792514,18.374212292056544,31831.339413527265,1.1952128263818332e-14,2.5190286991160606
317000,11.321428571400457,0.442518218849029,18.365358871293317,31804.6718641502,1.21126243729406e-14,2.5226516529461636
317500,11.339285714257304,0.4424791795935703,18.35579434551385,31775.072762474636,1.2280428672647562e-14,2.526650947728375
318000,11.357142857114152,0.442439865450389,18.34544645851556,31742.23644202587,1.2147965689202216e-14,2.5310641616944443
318500,11.374999999971,0.44240024388235594,18.334237124877752,31705.83353988514,1.2269782357516742e-14,2.535931937543835
319000,11.392857142827847,0.4423602791293416,18.322082317131823,31665.51133710559,1.2074247236725787e-14,2.5412980652300314
319500,11.410714285684694,0.442319931939279,18.308892048792448,31620.89480469842,1.1748839556673397e-14,2.5472095233750576
320000,11.428571428541542,0.4422791592892032,18.294570484009775,31571.588617929156,1.1788600797671228e-14,2.5537164685022957
320500,11.446428571398389,0.4422379140985505,18.279016210574568,31517.180474395784,1.2194636548224802e-14,2.560872160820667
321000,11.464285714255237,0.44219614493733234,18.262122719267484,31457.24613492151,1.1480050621571249e-14,2.5687328157005185
321500,11.482142857112084,0.4421537957319975,18.243779138707122,31391.356698837553,1.1500658464521738e-14,2.577357371748149
322000,11.499999999968932,0.44211080547178694,18.223871280287543,31319.088722009852,1.154504948133971e-14,2.586807170164476
322500,11.517857142825779,0.4420671079180588,18.202283051525015,31240.037877569925,1.1636617339057982e-14,2.597145546687328
323000,11.535714285682626,0.44202263131826636,18.178898296716817,31153.83692935019,1.1604711972580594e-14,2.608437347840249
323500,11.553571428539474,0.4419772981248799,18.153603119229935,31060.178810321784,1.1940299001438236e-14,2.620748398494379
324000,11.571428571396321,0.4419310247173834,18.126288727285463,30958.845533963628,1.2055209743974971e-14,2.6341449688555176
324500,11.589285714253169,0.4418837211224307,18.096854821375835,30849.74346134101,1.1962917078396322e-14,2.648693316487112
325000,11.607142857110016,0.4418352907233093,18.06521350246746,30732.945030842056,1.1718522951936384e-14,2.664459412567929
325500,11.624999999966864,0.44178562994518783,18.03129362174038,30608.73634875234,1.1975844651010387e-14,2.681508999394837
326000,11.642857142823711,0.44173462789770257,17.995045411328448,30477.668953187524,1.233574694066736e-14,2.6999081638692664
326500,11.660714285680559,0.441682165952175,17.95644513003318,30340.61253748666,1.1637655879490294e-14,2.7197246416807084
327000,11.678571428537406,0.44162811722862927,17.915499331393885,30198.803445004116,1.1699449572930052e-14,2.7410300774107674
327500,11.696428571394254,0.44157234596985845,17.872248224298975,30053.881428480847,1.2081436357846256e-14,2.763903441161745
328000,11.714285714251101,0.4415147067885887,17.82676746970113,29907.90478258135,1.1435243749095763e-14,2.788435724524701
328500,11.732142857107949,0.44145504379179135,17.77916767536655,29763.33202486202,1.2261269929557223e-14,2.814735891100533
329000,11.749999999964796,0.44139318961503793,17.72959086160853,29622.957604164614,1.2505560401693261e-14,2.842937830438695
329500,11.767857142821644,0.4413289644388742,17.678203330483093,29489.790664149725,1.1882679636792764e-14,2.8732077660070043
330000,11.785714285678491,0.44126217510436355,17.625184730662266,29366.87074176645,1.1885427280440252e-14,2.905751227622125
330500,11.803571428535339,0.4411926144873296,17.57071369747082,29257.023220903266,1.1837759901911351e-14,2.940818371947915
331000,11.821428571392186,0.4411200613173512,17.514951240833074,29162.57046102324,1.2058053263434165e-14,2.9787061937505586
331500,11.839285714249034,0.44104428062382983,17.458023963187223,29085.030709421757,1.2364222548655029e-14,3.019756084524669
332000,11.857142857105881,0.44096502494764633,17.40001005536373,29024.853780686346,1.2603015620691733e-14,3.064345301101474
332500,11.874999999962728,0.4408820363750947,17.340931639662415,28981.256553201027,1.266820092649913e-14,3.112871194317379
333000,11.892857142819576,0.44079504934913516,17.280757212198353,28952.228649778473,1.260394687553413e-14,3.1657274886077764
333500,11.910714285676423,0.4407037941201465,17.21941752942962,28934.77542794899,1.2333130821677736e-14,3.2232725675932676
334000,11.928571428533271,0.44060800063188366,17.156837134199982,28925.44758400781,1.2601930752998848e-14,3.2857909888718138
334500,11.946428571390118,0.44050740257154947,17.092981508956562,28921.168262502084,1.2508602717130699e-14,3.353452241755396
335000,11.964285714246966,0.44040174115214026,17.027915888517256,28920.299490421552,1.259319015264193e-14,3.426276516739795
335500,11.982142857103813,0.4402907678096367,16.961865015054954,28923.777405293684,1.2767114333824851e-14,3.504127215559776
336000,11.99999999996066,0.4401742443406683,16.89525285932315,28935.985530521397,1.3022516737612112e-14,3.586763200111884
336500,12.017857142817508,0.4400519383179797,16.828688867527415,28964.852958574662,1.3028707923532331e-14,3.673994327459697
337000,12.035714285674356,0.43992361159489846,16.762858272484785,29020.543140260143,1.3252169227580205e-14,3.765978421268954
337500,12.053571428531203,0.43978900140200405,16.698279838032274,29112.193934067815,1.2928573247126432e-14,3.863667976006437
338000,12.07142857138805,0.4396477977889971,16.63492992156143,29242.677141099884,1.2997438465974864e-14,3.969333175642746
338500,12.089285714244898,0.43949962752489014,16.571806092008508,29402.39324241963,1.3355783931012443e-14,4.086834553749119
339000,12.107142857101746,0.4393440602474435,16.506604020037898,29564.546098765284,1.3148250202714473e-14,4.221759616693087
339500,12.124999999958593,0.43918065262312284,16.435757941266107,29685.45545787214,1.3561852065198256e-14,4.3807992595730685
340000,12.14285714281544,0.43900903588993456,16.355065306963084,29713.02668816875,1.382861387516426e-14,4.570427737510776
340500,12.160714285672288,0.4388290321007979,16.26091284189104,29603.432764025827,1.3210206176806811e-14,4.794876998572286
341000,12.178571428529136,0.43864076446832784,16.151773440236248,29340.84611420133,1.4013209292020839e-14,5.053657589351618
341500,12.196428571385983,0.4384447227744906,16.029327536024518,28950.59382026177,1.3658543085566173e-14,5.339218163772493
342000,12.21428571424283,0.4382417638980883,15.89853295652933,28496.419028258002,1.4210388118817387e-14,5.63603714482796
342500,12.232142857099678,0.4380330586608717,15.766364500016032,28059.375347421006,1.52116422844357e-14,5.921170990338524
343000,12.249999999956525,0.4378200133487024,15.639623550198277,27706.292013206737,1.4536029995035164e-14,6.169704073996086
343500,12.267857142813373,0.43760418165412235,15.522775391620742,27463.216908189363,1.4579705059242674e-14,6.362715783530357
344000,12.28571428567022,0.4373871567614546,15.41681612784194,27308.060147532968,1.502241713792651e-14,6.492842668730387
344500,12.303571428527068,0.4371704319790451,15.319656135291899,27186.53240320378,1.508475733758656e-14,6.566094937426958
345000,12.321428571383915,0.43695525795093637,15.227790520158877,27042.815937012572,1.6291906355077454e-14,6.59662118709007
345500,12.339285714240763,0.43674256423202107,15.1384932308362,26849.441681659497,1.629785915790685e-14,6.5947783316873165
346000,12.35714285709761,0.43653298780600647,15.051462501372814,26621.775003747716,1.6455248445236497e-14,6.562132210005317
346500,12.374999999954458,0.43632696794928044,14.968788661654983,26407.927035909845,1.5164078024190975e-14,6.496445193269
347000,12.392857142811305,0.43612483304854616,14.892885237870374,26255.472186497944,1.6953732148526e-14,6.402488095428856
347500,12.410714285668153,0.4359268822110185,14.82395568807691,26175.438567005913,1.642797896801785e-14,6.291234670544129
348000,12.428571428525,0.43573352336697235,14.759956773047122,26138.39329826145,1.6947788786930254e-14,6.164270752249108
348500,12.446428571381848,0.4355453939565198,14.699774356538587,26115.785646483797,1.5536977097634958e-14,6.01013497880558
349000,12.464285714238695,0.4353631870943204,14.645114412990335,26119.562363597186,1.6046385132629432e-14,5.832072249151829
349500,12.482142857095543,0.4351871555977127,14.596847324427724,26175.67456751995,1.6680720997985947e-14,5.660546546364071
350000,12.49999999995239,0.4350170666194222,14.551765953555817,26273.039061879186,1.542800006840638e-14,5.5095181028674025
350500,12.517857142809238,0.4348531512953402,14.507982385970319,26393.128764139605,1.6440255532628936e-14,5.3405205598896055
351000,12.535714285666085,0.43469661985909325,14.470085558602443,26564.913543073264,1.641752492773829e-14,5.12660794529044
351500,12.553571428522933,0.4345485349962848,14.442229814415377,26817.718037769344,1.7044314929576666e-14,4.906521408842894
352000,12.57142857137978,0.4344088935324938,14.420605907223862,27113.932386379478,1.5552453076716995e-14,4.720542691954803
352500,12.589285714236627,0.4342772888836628,14.398714851419026,27397.118795396986,1.69854387425127e-14,4.560786242328091
353000,12.607142857093475,0.4341537329643516,14.374694976796196,27659.045591394897,1.5355897547732955e-14,4.406409303343999
353500,12.624999999950322,0.43403865791498886,14.349021113222252,27903.284959579076,1.5830003154349818e-14,4.253707400657512
354000,12.64285714280717,0.4339325767321311,14.320689029741922,28106.999851817032,1.5879249198930267e-14,4.106833059209531
354500,12.660714285664017,0.4338358546293808,14.288857339261277,28255.079616041814,1.4765769670280433e-14,3.968192924436774
355000,12.678571428520865,0.4337485688920831,14.254277109128122,28357.290846433283,1.5372384780334393e-14,3.8418853022293744
355500,12.696428571377712,0.4336703303555238,14.217584727565061,28422.61868519828,1.4492893630522694e-14,3.734596015718259
356000,12.71428571423456,0.4336001051509153,14.17778048812163,28447.198710204615,1.4514743893107227e-14,3.655312151593975
356500,12.732142857091407,0.4335361816164328,14.132333867274532,28422.775253096806,1.4118020247222303e-14,3.6106092770769593
357000,12.749999999948255,0.4334764022022864,14.077985455194572,28343.132283845633,1.4048069430604643e-14,3.602225028666744
357500,12.767857142805102,0.43341867839272846,14.012098173305613,28210.351421971827,1.620075218779141e-14,3.6233804037930786
358000,12.78571428566195,0.433361627378305,13.934744485888212,28043.543921656976,1.410773201129866e-14,3.6573856872387283
358500,12.803571428518797,0.43330499654187693,13.850346002792284,27883.821232293496,1.3363500715888995e-14,3.6823609983041083
359000,12.821428571375645,0.43324958140309666,13.766731543554348,27783.88654084332,1.4336686425038583e-14,3.68229431496215
359500,12.839285714232492,0.43319666503446275,13.691195549698133,27774.176698216193,1.3796902469201909e-14,3.656135503892605
360000,12.85714285708934,0.4331473518705185,13.62638143737681,27829.96608731598,1.4027463875072859e-14,3.615577099101434
360500,12.874999999946187,0.4331021996280446,13.569637821880544,27878.86465631432,1.3805050375985884e-14,3.574212211880667
361000,12.892857142803035,0.4330612428235891,13.51629427710265,27850.06207057656,1.3466665940488173e-14,3.5393570164297743
361500,12.910714285659882,0.4330241832902689,13.463560986391087,27721.989732920818,1.329062640467573e-14,3.512140116267842
362000,12.92857142851673,0.43299050537275446,13.411733157869216,27527.977304351305,1.2818700617396576e-14,3.492152619774641
362500,12.946428571373577,0.4329594923836516,13.362576322184506,27322.46971297452,1.3752903930608454e-14,3.4803691725597146
363000,12.964285714230424,0.4329302734004211,13.317246473642232,27143.455625593007,1.3435834308741727e-14,3.47818187809956
363500,12.982142857087272,0.43290195771368456,13.275633800192217,27000.087484338197,1.2612236899476997e-14,3.485443046569584
364000,12.99999999994412,0.43287376195493277,13.236932294143054,26883.855652698392,1.2598457566932123e-14,3.500714350643221
364500,13.017857142800967,0.4328450328362178,13.200164783297758,26782.68487845756,1.2812500739201162e-14,3.5229931131219265
365000,13.035714285657814,0.4328152178716772,13.164220843498352,26685.63959232472,1.2646277190058478e-14,3.551800059374982
365500,13.053571428514662,0.43278390685631524,13.1280998077019,26583.943805304858,1.2863613717099653e-14,3.585094797179112
366000,13.07142857137151,0.4327509421640757,13.091738568508926,26476.53431637303,1.2540463387393029e-14,3.618184231101861
366500,13.089285714228357,0.43271646202257796,13.056571249272531,26374.952528452985,1.2826176723485198e-14,3.645827867792116
367000,13.107142857085204,0.4326808007282711,13.024888057602478,26296.839286621478,1.324982765332494e-14,3.665324162622831
367500,13.124999999942052,0.4326443303683327,12.99850281839161,26252.23065544827,1.3007569563858128e-14,3.6770863084845873
368000,13.1428571427989,0.43260736536446,12.978059488765314,26237.986746457147,1.3626662899776226e-14,3.68279213547743
368500,13.160714285655747,0.4325701508026174,12.963343957039719,26244.106207066277,1.3590755289536835e-14,3.683792122794142
369000,13.178571428512594,0.43253288145601676,12.953871707161198,26261.884520778473,1.3150686861791937e-14,3.680898579421246
369500,13.196428571369442,0.43249571489259564,12.94921227053697,26287.331808402152,1.3682280857234012e-14,3.674667634808809
370000,13.214285714226289,0.4324587750547495,12.949127323712153,26322.009761679397,1.3300416886968655e-14,3.665543261084718
370500,13.232142857083137,0.43242214818079305,12.953610573175835,26372.941458725647,1.3011856777679949e-14,3.654019304481315
371000,13.249999999939984,0.43238587712236326,12.962725323542506,26449.560323803933,1.354384629448042e-14,3.6407787178850266
371500,13.267857142796831,0.4323499692373536,12.976299488393837,26558.05517855707,1.3258650229315845e-14,3.626521770616776
372000,13.285714285653679,0.4323144241826376,12.993754930565439,26697.440119746665,1.3344177323145692e-14,3.611611009481051
372500,13.303571428510526,0.43227926622719637,13.014218371470074,26860.27429137843,1.430144984777529e-14,3.595966929560167
373000,13.321428571367374,0.432244559754878,13.03677653379648,27036.462320639417,1.3387899955022229e-14,3.57931946540713
373500,13.339285714224221,0.43221040190140464,13.060662858307627,27216.80921701616,1.3714307562085647e-14,3.5615255562301598
374000,13.357142857081069,0.4321769019496881,13.085301229952307,27394.61398841653,1.3581032368234379e-14,3.542711499251889
374500,13.374999999937916,0.4321441595386868,13.11025968259056,27565.574975759497,1.2927073028646966e-14,3.5232425022480047
375000,13.392857142794764,0.4321122488382372,13.13518735245447,27726.963050205482,1.3466601799093546e-14,3.503606277119886
375500,13.410714285651611,0.43208121147371303,13.159779575165182,27876.79889742729,1.3368964389570496e-14,3.4842778573879287
376000,13.428571428508459,0.43205105672224065,13.183782097738238,28013.427559897464,1.3958951977545009e-14,3.465649874890184
376500,13.446428571365306,0.4320217634739597,13.207006249856873,28135.48191192416,1.3261336152832116e-14,3.4481793777202823
377000,13.464285714222154,0.4319932787848798,13.229311368682229,28241.865326474122,1.35026251540246e-14,3.4321346358285227
377500,13.482142857079001,0.4319655131673962,13.250546492779502,28331.489144417123,1.3593731525785798e-14,3.4180209414112785
378000,13.499999999935849,0.431938337953958,13.27049400018982,28402.97264739776,1.5086711121223704e-14,3.4063738110781343
378500,13.517857142792696,0.43191159028143483,13.288864863253245,28454.73337359693,1.3972628856856688e-14,3.3976044036783124
379000,13.535714285649544,0.43188508668114056,13.305354736966464,28485.606098538923,1.3816992146775809e-14,3.3918736552348965
379500,13.553571428506391,0.4318586410465795,13.319727023129122,28495.664815666452,1.5710767119124457e-14,3.3894063178689118
380000,13.571428571363239,0.4318320805968775,13.331876992205384,28486.721661390937,1.4027201928324548e-14,3.3895108396774867
380500,13.589285714220086,0.4318052549630393,13.341847359037933,28462.186504107107,1.4175421748618015e-14,3.3917826290356334
381000,13.607142857076933,0.4317780370488984,13.349792369223573,28426.374095138694,1.4324217598802374e-14,3.395866444603721
381500,13.624999999933781,0.43175031795051017,13.355911956965748,28383.618861434406,1.3412165440769871e-14,3.401521630980677
382000,13.642857142790628,0.43172200036652675,13.36039113240361,28337.58676437797,1.409792483295417e-14,3.408612581472106
382500,13.660714285647476,0.431692994465214,13.363373238292077,28291.021554010156,1.3943886779290132e-14,3.4170497991557083
383000,13.678571428504323,0.431663217540198,13.364970335858661,28245.900134859534,1.3668093271572324e-14,3.4267300709961535
383500,13.69642857136117,0.4316325961839847,13.365289133637205,28203.730097307416,1.46078015318997e-14,3.4375101843320475
384000,13.714285714218018,0.43160106891607364,13.364447191587274,28165.699811088773,1.42171183373916e-14,3.449214888467938
384500,13.732142857074866,0.4315685879177418,13.362570473246368,28132.60749346768,1.436853310815133e-14,3.4616593013575407
385000,13.749999999931713,0.43153511943590195,13.359780468410065,28104.71651554916,1.4204276459650059e-14,3.474667520486374
385500,13.76785714278856,0.43150064295681356,13.356183576292967,28081.71177684999,1.380260947748355e-14,3.4880794392837524
386000,13.785714285645408,0.43146514955492926,13.351869647436011,28062.809679667233,1.4044057444244759e-14,3.501747656885537
386500,13.803571428502256,0.43142863987968477,13.346918646851378,28046.960107954448,1.4149785572244876e-14,3.5155336128519914
387000,13.821428571359103,0.4313911220485974,13.341409318326868,28033.05050145673,1.6260431641233444e-14,3.529310665537483
387500,13.83928571421595,0.4313526096331187,13.335424048176918,28020.06104923509,1.4306240755756682e-14,3.542970653793046
388000,13.857142857072798,0.43131312014744494,13.329049266495604,28007.18154076775,1.4403796811622403e-14,3.55642245285919
388500,13.874999999929646,0.4312726746205362,13.322375131179456,27993.930261327492,1.5563377769057287e-14,3.569577264822323
389000,13.892857142786493,0.4312312985861619,13.3154969201873,27980.278464920295,1.463465051411671e-14,3.582328380366445
389500,13.91071428564334,0.4311890243125035,13.30851580884249,27966.72110382345,1.363542139036151e-14,3.5945374192926653
390000,13.928571428500188,0.43114589373433243,13.301534909534343,27954.225198029835,1.4724170666498544e-14,3.606031603052643
390500,13.946428571357036,0.4311019615430414,13.294649756633213,27944.04871317359,1.4270558555269872e-14,3.616607869775964
391000,13.964285714213883,0.43105729806063187,13.287937090865443,27937.496521506288,1.5577763628824183e-14,3.626038430942411
391500,13.98214285707073,0.4310119916009363,13.281447433653145,27935.70653131087,1.3822984972633472e-14,3.634077224561501
392000,13.999999999927578,0.43096614993581134,13.275204661662196,27939.528471496214,1.52279984073874e-14,3.6404708558308423
392500,14.017857142784425,0.43091990039217765,13.269211795463239,27949.500096359734,1.4442540138387423e-14,3.6449770583674703
393000,14.035714285641273,0.43087338818767323,13.263459292847623,27965.880272626786,1.4718173444550743e-14,3.6473895343822766
393500,14.05357142849812,0.4308267729047479,13.257931850212351,27988.689910661546,1.4838639472970822e-14,3.647563781195554
394000,14.071428571354968,0.4307802233908312,13.25261172892684,28017.73587587945,1.5240065194325046e-14,3.645437091660209
394500,14.089285714211815,0.4307339116932467,13.247479148329415,28052.62319171321,1.3880728977994362e-14,3.6410378061275246
395000,14.107142857068663,0.4306880067889136,13.242511581587472,28092.772378832335,1.4327151617544862e-14,3.6346576602820946
395500,14.12499999992551,0.4306426688411032,13.237683523381348,28137.449730566106,1.6589705166984797e-14,3.626374874765799
396000,14.142857142782358,0.4305980445522095,13.232967393262438,28185.805228758276,1.5098242522124678e-14,3.616368742317955
396500,14.160714285639205,0.4305542639359849,13.228335615959697,28236.909699242453,1.4701013029371248e-14,3.6049087537799616
397000,14.178571428496053,0.4305114385627314,13.22376371786778,28289.788847122578,1.4889482602307426e-14,3.592270919507544
397500,14.1964285713529,0.43046966110123536,13.219234147279185,28343.457406452475,1.426282503661065e-14,3.578719661144673
398000,14.214285714209748,0.43042900584329596,13.214740250980732,28396.955903521644,1.527934851756325e-14,3.56449600978422
398500,14.232142857066595,0.430389529866098,13.210289562560659,28449.38776624851,1.4419480951869736e-14,3.5498120201035435
399000,14.249999999923443,0.4303512745417618,13.205905558012137,28499.95145148078,1.4422101661413932e-14,3.5348499442088968
399500,14.26785714278029,0.4303142671980076,13.201627418472153,28547.963722132117,1.4477700950880994e-14,3.519764087786529
400000,14.285714285637138,0.4302785228244045,13.197507920694079,28592.87415653085,1.44848778553537e-14,3.5046834644834233
